study	annotation_reason	n_cells
vaccination_study_01	independent_Myeloid_lineage_subcluster_to_Myeloid_Cell	84466
vaccination_study_01	ambiguous_default_blood_cell	83762
vaccination_study_01	independent_T_NK_lineage_subcluster_to_T_Cell	65401
vaccination_study_01	independent_T_NK_lineage_subcluster_to_NKT_Cell_marker_only_rescue	31060
vaccination_study_01	independent_B_lineage_subcluster_to_B_Cell	30032
vaccination_study_01	independent_B_lineage_subcluster_to_Naive_B_Cell_marker_only_rescue	8881
vaccination_study_01	independent_Myeloid_lineage_subcluster_to_Intermediate_Monocyte_marker_only_rescue	1742
vaccination_study_01	independent_B_lineage_subcluster_to_Memory_B_Cell_marker_only_rescue	1210
vaccination_study_01	independent_B_lineage_subcluster_to_Plasmablast_marker_only_rescue	640
