study	broad_lineage	cluster	n_cells	chosen_label	accepted	best_candidate_before_parent_fallback	best_total_score	second_total_score	score_margin	marker_pct	marker_winner_fraction	source_fraction	source_count_mean	marker_availability	cluster_reason	top_celltypist_label	top_azimuth_pbmc_l2_label	top_azimuth_pbmc_l3_label	top_panhuman_fine_label	top_panhuman_medium_label	top_cluster_consensus_label	top_screfmapping_label	median_n_genes_by_counts	median_total_counts	median_pct_counts_mt
infection_study_01	T/NK	T_NK_lineage:0	1627	CD4 Naive / T Central Memory	True	CD4 Naive / T Central Memory	2.3133699266871908	1.2197909089285448	1.093579017758646	0.9593438205520356	0.3110018438844499	0.6321889542541047	4.425322679778734	1.0	cluster_consensus_marker_source_support	CD4 Naive / T Central Memory:1331; CD8 Naive / T Central Memory:268; Treg:15; CD8 Cytotoxic / T Effector Memory:8	CD4 Naive / T Central Memory:1274; CD8 Naive / T Central Memory:318; Treg:18; CD4 T Effector Memory:9	Blood Cell:908; CD4 Naive / T Central Memory:413; CD8 Naive / T Central Memory:290; Treg:15	CD4 Naive / T Central Memory:1188; CD8 Naive / T Central Memory:321; CD4 T Effector Memory:59; Blood Cell:28	T Cell:1602; Blood Cell:25	CD4 Naive / T Central Memory:1603; CD4 T Effector Memory:24	CD4 Naive / T Central Memory:1391; not_available:204; Treg:27; CD4 T Effector Memory:5	1555.0	5966.0	6.90013313293457
infection_study_01	T/NK	T_NK_lineage:1	1482	NK Cell	True	NK Cell	1.767889264639894	1.0987733915425866	0.6691158730973075	0.889101303619547	0.068825910931174	0.4803354540196645	3.362348178137652	1.0	cluster_consensus_marker_source_support	NK Cell:1026; CD8 Cytotoxic / T Effector Memory:452; ydT Cell:3; Blood Cell:1	NK Cell:987; ydT Cell:267; CD8 Cytotoxic / T Effector Memory:224; CD4 T Effector Memory:4	Blood Cell:1478; CD4 T Effector Memory:4	NK Cell:786; CD8 Cytotoxic / T Effector Memory:630; Blood Cell:63; Lymphoid Cell:2	NK Cell:786; T Cell:632; Blood Cell:62; Lymphoid Cell:2	NK Cell:1398; CD8 Cytotoxic / T Effector Memory:80; MAIT Cell:4	not_available:1482	1677.5	4516.5	7.692307949066162
infection_study_01	Myeloid/DC	Myeloid_lineage:0	1455	Non-Classical Monocyte	True	Non-Classical Monocyte	2.826767927490433	0.7327453219867668	2.0940226055036666	0.981173985871386	0.8577319587628865	0.6618556701030928	4.63298969072165	1.0	cluster_consensus_marker_source_support	Non-Classical Monocyte:1413; Classical Monocyte:41; Blood Cell:1	Non-Classical Monocyte:1426; Classical Monocyte:29	Non-Classical Monocyte:1426; Classical Monocyte:29	Non-Classical Monocyte:1067; Intermediate Monocyte:327; Blood Cell:53; Classical Monocyte:5	Monocyte:1399; Blood Cell:53; DC:3	Non-Classical Monocyte:1409; Classical Monocyte:46	not_available:1455	3085.0	12691.0	6.902022838592529
infection_study_01	Myeloid/DC	Myeloid_lineage:1	1411	Classical Monocyte	True	Classical Monocyte	2.213198760529032	1.0627458801815974	1.1504528803474343	0.883147622168815	0.1176470588235294	0.6969727650096184	4.878809355067328	1.0	cluster_consensus_marker_source_support	Classical Monocyte:1393; Non-Classical Monocyte:17; Blood Cell:1	Classical Monocyte:1408; Non-Classical Monocyte:3	Classical Monocyte:1408; Non-Classical Monocyte:3	Classical Monocyte:1264; Blood Cell:103; Neutrophil:26; Intermediate Monocyte:12	Monocyte:1277; Blood Cell:102; Granulocyte:27; DC:5	Classical Monocyte:1411	not_available:1411	1374.0	3644.0	8.193310737609863
infection_study_01	Myeloid/DC	Myeloid_lineage:2	1354	Classical Monocyte	True	Classical Monocyte	2.042057865407111	0.9249674602634168	1.1170904051436945	0.8159274634039764	0.0635155096011816	0.6615319687697827	4.630723781388479	1.0	cluster_consensus_marker_source_support	Classical Monocyte:1293; Non-Classical Monocyte:61	Classical Monocyte:1322; Non-Classical Monocyte:32	Classical Monocyte:1322; Non-Classical Monocyte:32	Classical Monocyte:979; Intermediate Monocyte:292; Blood Cell:61; Conventional DC 2:18	Monocyte:1274; Blood Cell:61; DC:18; Granulocyte:1	Classical Monocyte:1354	not_available:1354	2705.0	8590.0	5.37318229675293
infection_study_01	Artifact/Other	leiden:16	1335	Platelet	True	Platelet	3.0055868707765216	0.0412228787644459	2.964363992012076	0.9878377394217464	0.6404494382022472	0.8443017656500801	5.910112359550562	1.0	cluster_consensus_marker_source_support	Platelet:1258; CD4 Naive / T Central Memory:35; Classical Monocyte:34; Blood Cell:3	Platelet:1324; CD4 Naive / T Central Memory:6; Classical Monocyte:5	Platelet:1325; Classical Monocyte:5; Blood Cell:5	Platelet:1324; Blood Cell:11	Platelet:1324; Blood Cell:10; RBC:1	Platelet:1335	not_available:1293; CD4 Naive / T Central Memory:36; CD4 T Effector Memory:6	545.0	1256.0	4.309656620025635
infection_study_01	T/NK	T_NK_lineage:4	1323	CD8 Cytotoxic / T Effector Memory	True	CD8 Cytotoxic / T Effector Memory	2.4725400156559942	0.6857089474781974	1.7868310681777968	0.9376228970941664	0.7248677248677249	0.551992225461613	3.863945578231293	1.0	cluster_consensus_marker_source_support	CD8 Cytotoxic / T Effector Memory:1305; NK Cell:17; Treg:1	CD8 Cytotoxic / T Effector Memory:1227; CD8 Naive / T Central Memory:35; NK Cell:34; CD4 T Effector Memory:14	Blood Cell:1303; CD4 T Effector Memory:18; MAIT Cell:1; NK Cell:1	CD8 Cytotoxic / T Effector Memory:1286; NK Cell:24; Blood Cell:8; Lymphoid Cell:3	T Cell:1288; NK Cell:24; Blood Cell:8; Lymphoid Cell:3	CD8 Cytotoxic / T Effector Memory:1294; NK Cell:27; Classical Monocyte:2	not_available:1322; CD4 T Effector Memory:1	2058.0	6267.0	7.782570838928223
infection_study_01	T/NK	T_NK_lineage:3	1317	T Cell	False	CD4 T Effector Memory	1.629937405681283	1.401517163746168	0.2284202419351151	0.9297938970213384	0.082004555808656	0.3829048703763965	2.680334092634776	1.0	cluster_parent_insufficient_consensus	CD4 T Effector Memory:822; CD4 Naive / T Central Memory:359; CD8 Cytotoxic / T Effector Memory:62; CD8 Naive / T Central Memory:29	CD4 Naive / T Central Memory:961; CD8 Naive / T Central Memory:231; CD4 T Effector Memory:90; CD8 Cytotoxic / T Effector Memory:18	Blood Cell:1290; CD4 T Effector Memory:14; Lymphoid Cell:10; MAIT Cell:2	CD4 T Effector Memory:1181; CD8 Cytotoxic / T Effector Memory:37; Treg:37; Blood Cell:33	T Cell:1282; Blood Cell:33; NK Cell:1; HSC:1	CD4 T Effector Memory:1278; CD4 Naive / T Central Memory:28; CD8 Cytotoxic / T Effector Memory:9; MAIT Cell:1	CD4 Naive / T Central Memory:940; not_available:223; CD4 T Effector Memory:145; Treg:9	1927.0	7433.0	6.410872936248779
infection_study_01	Myeloid/DC	Myeloid_lineage:3	1295	Classical Monocyte	True	Classical Monocyte	1.9911255527017568	1.083130912120737	0.9079946405810196	0.7459034301944505	0.0308880308880308	0.6816326530612246	4.771428571428571	1.0	cluster_consensus_marker_source_support	Classical Monocyte:1257; Non-Classical Monocyte:35; Blood Cell:2; Conventional DC 2:1	Classical Monocyte:1275; Non-Classical Monocyte:18; Conventional DC 2:2	Classical Monocyte:1275; Non-Classical Monocyte:18; Blood Cell:2	Classical Monocyte:1084; Blood Cell:100; Conventional DC 2:56; Intermediate Monocyte:53	Monocyte:1139; Blood Cell:100; DC:56	Classical Monocyte:1288; Non-Classical Monocyte:5; Conventional DC 2:2	not_available:1295	2783.0	10691.0	6.860967636108398
infection_study_01	T/NK	T_NK_lineage:2	1290	NK Cell	True	NK Cell	2.190148875607272	0.9829826542554364	1.207166221351836	0.9415829145728642	0.1992248062015504	0.62281284606866	4.35968992248062	1.0	cluster_consensus_marker_source_support	NK Cell:806; CD8 Cytotoxic / T Effector Memory:480; ydT Cell:4	NK Cell:1247; CD8 Cytotoxic / T Effector Memory:21; ydT Cell:20; CD4 T Effector Memory:1	Blood Cell:1289; CD4 T Effector Memory:1	NK Cell:1149; CD8 Cytotoxic / T Effector Memory:116; Blood Cell:24; Lymphoid Cell:1	NK Cell:1149; T Cell:116; Blood Cell:24; Lymphoid Cell:1	NK Cell:1273; CD8 Cytotoxic / T Effector Memory:13; MAIT Cell:2; CD4 T Effector Memory:2	not_available:1290	1754.0	4671.5	7.872119903564453
infection_study_01	Myeloid/DC	Myeloid_lineage:4	1199	Classical Monocyte	True	Classical Monocyte	2.316890446097009	0.8487327254229174	1.468157720674092	0.9009176316364432	0.25604670558799	0.684856427975694	4.793994995829858	1.0	cluster_consensus_marker_source_support	Classical Monocyte:1190; Non-Classical Monocyte:9	Classical Monocyte:1189; Non-Classical Monocyte:10	Classical Monocyte:1189; Non-Classical Monocyte:10	Classical Monocyte:986; Blood Cell:162; Neutrophil:27; Intermediate Monocyte:12	Monocyte:1005; Blood Cell:162; Granulocyte:27; DC:4	Classical Monocyte:1194; Non-Classical Monocyte:4; Conventional DC 2:1	not_available:1199	2357.0	7727.0	7.5691609382629395
infection_study_01	Myeloid/DC	Myeloid_lineage:5	1196	Classical Monocyte	True	Classical Monocyte	2.176672060733673	0.891331928394961	1.285340132338712	0.8616815963877358	0.06438127090301	0.7103440038222648	4.972408026755853	1.0	cluster_consensus_marker_source_support	Classical Monocyte:1194; Blood Cell:1; Non-Classical Monocyte:1	Classical Monocyte:1195; Conventional DC 2:1	Classical Monocyte:1195; Blood Cell:1	Classical Monocyte:1168; Blood Cell:25; Intermediate Monocyte:1; Conventional DC 2:1	Monocyte:1169; Blood Cell:24; Granulocyte:2; DC:1	Classical Monocyte:1195; Conventional DC 2:1	not_available:1196	2948.0	11609.5	7.376312732696533
infection_study_01	Myeloid/DC	Myeloid_lineage:6	1187	Classical Monocyte	True	Classical Monocyte	2.0674738799672148	0.8459224643628173	1.2215514156043974	0.7994865632510378	0.0682392586352148	0.6807076663858467	4.764953664700927	1.0	cluster_consensus_marker_source_support	Classical Monocyte:1171; Non-Classical Monocyte:15; Conventional DC 2:1	Classical Monocyte:1170; Non-Classical Monocyte:16; Conventional DC 2:1	Classical Monocyte:1170; Non-Classical Monocyte:16; Blood Cell:1	Classical Monocyte:960; Blood Cell:105; Intermediate Monocyte:59; Conventional DC 2:57	Monocyte:1019; Blood Cell:105; DC:63	Classical Monocyte:1185; Non-Classical Monocyte:2	not_available:1187	3068.0	10794.0	6.9486403465271
infection_study_01	T/NK	T_NK_lineage:5	1175	CD8 Cytotoxic / T Effector Memory	True	CD8 Cytotoxic / T Effector Memory	2.050401801527792	0.7439265383345961	1.306475263193196	0.9187240550578982	0.3123404255319149	0.5124620060790273	3.587234042553192	1.0	cluster_consensus_marker_source_support	CD8 Cytotoxic / T Effector Memory:1129; NK Cell:39; CD4 Naive / T Central Memory:5; ydT Cell:1	CD8 Cytotoxic / T Effector Memory:846; CD4 T Effector Memory:276; ydT Cell:44; NK Cell:7	Blood Cell:877; CD4 T Effector Memory:298	CD8 Cytotoxic / T Effector Memory:1159; Blood Cell:6; NK Cell:5; CD4 T Effector Memory:3	T Cell:1165; Blood Cell:5; NK Cell:5	CD8 Cytotoxic / T Effector Memory:1081; NK Cell:75; CD4 T Effector Memory:11; MAIT Cell:7	not_available:1172; CD4 T Effector Memory:2; CD4 Naive / T Central Memory:1	1783.0	5303.0	7.962188720703125
infection_study_01	T/NK	T_NK_lineage:7	987	NK Cell	True	NK Cell	2.4508086917751863	0.8658347240364636	1.584973967738723	0.946034520428228	0.3110435663627153	0.7108119843682152	4.975683890577508	1.0	cluster_consensus_marker_source_support	NK Cell:985; CD8 Cytotoxic / T Effector Memory:2	NK Cell:984; ydT Cell:3	Blood Cell:986; NK Cell:1	NK Cell:979; CD8 Cytotoxic / T Effector Memory:4; Blood Cell:3; Lymphoid Cell:1	NK Cell:979; T Cell:4; Blood Cell:3; Lymphoid Cell:1	NK Cell:983; CD4 T Effector Memory:3; Classical Monocyte:1	not_available:987	1880.0	4848.0	7.244477272033691
infection_study_01	T/NK	T_NK_lineage:6	973	CD8 Cytotoxic / T Effector Memory	True	CD8 Cytotoxic / T Effector Memory	1.7610042369674903	0.6868813716466509	1.0741228653208397	0.8465880125264001	0.1479958890030832	0.4635149023638231	3.2446043165467624	1.0	cluster_consensus_marker_source_support	CD8 Cytotoxic / T Effector Memory:839; NK Cell:91; MAIT Cell:21; ydT Cell:19	CD8 Cytotoxic / T Effector Memory:712; ydT Cell:169; CD4 T Effector Memory:36; NK Cell:29	Blood Cell:921; CD4 T Effector Memory:31; MAIT Cell:20; NK Cell:1	CD8 Cytotoxic / T Effector Memory:876; Blood Cell:29; NK Cell:22; ydT Cell:20	T Cell:922; Blood Cell:29; NK Cell:22	CD8 Cytotoxic / T Effector Memory:730; MAIT Cell:114; NK Cell:74; CD4 T Effector Memory:55	not_available:959; CD4 T Effector Memory:13; CD4 Naive / T Central Memory:1	1764.0	5473.0	8.173978805541992
infection_study_01	Myeloid/DC	Myeloid_lineage:7	949	Classical Monocyte	True	Classical Monocyte	1.7950660180652456	1.1566858551703862	0.6383801628948593	0.6473854781152137	0.0200210748155953	0.6296853831100405	4.407797681770284	1.0	cluster_consensus_marker_source_support	Classical Monocyte:868; Non-Classical Monocyte:80; Conventional DC 2:1	Classical Monocyte:890; Non-Classical Monocyte:58; Conventional DC 2:1	Classical Monocyte:890; Non-Classical Monocyte:58; Blood Cell:1	Classical Monocyte:597; Blood Cell:120; Conventional DC 2:113; Intermediate Monocyte:112	Monocyte:710; Blood Cell:120; DC:119	Classical Monocyte:938; Non-Classical Monocyte:11	not_available:949	2870.0	10662.0	6.377745628356934
infection_study_01	Myeloid/DC	Myeloid_lineage:8	918	Classical Monocyte	True	Classical Monocyte	2.1980503583221456	0.820051488174713	1.3779988701474326	0.8677718301653193	0.1318082788671024	0.6903205726735137	4.832244008714597	1.0	cluster_consensus_marker_source_support	Classical Monocyte:915; Non-Classical Monocyte:2; Blood Cell:1	Classical Monocyte:915; Non-Classical Monocyte:2; Platelet:1	Classical Monocyte:915; Non-Classical Monocyte:2; Platelet:1	Classical Monocyte:773; Blood Cell:123; Neutrophil:9; Conventional DC 2:8	Monocyte:779; Blood Cell:121; Granulocyte:10; DC:8	Classical Monocyte:918	not_available:918	1136.5	2692.0	8.325376510620117
infection_study_01	Myeloid/DC	Myeloid_lineage:9	894	Classical Monocyte	True	Classical Monocyte	1.9230749307698467	0.9853354688738202	0.9377394618960264	0.7210509067074503	0.0302013422818791	0.657877916267178	4.605145413870246	1.0	cluster_consensus_marker_source_support	Classical Monocyte:814; Non-Classical Monocyte:72; Blood Cell:6; Conventional DC 2:2	Classical Monocyte:868; Non-Classical Monocyte:22; Conventional DC 2:4	Classical Monocyte:868; Non-Classical Monocyte:22; Blood Cell:4	Classical Monocyte:698; Blood Cell:87; Intermediate Monocyte:74; Conventional DC 2:29	Monocyte:778; Blood Cell:87; DC:29	Classical Monocyte:869; Non-Classical Monocyte:19; Conventional DC 2:6	not_available:894	2651.5	9030.0	5.785013675689697
infection_study_01	T/NK	T_NK_lineage:8	868	CD8 Cytotoxic / T Effector Memory	True	CD8 Cytotoxic / T Effector Memory	1.695280316486402	0.7672351942038382	0.9280451222825636	0.8573665428592236	0.1589861751152073	0.4191902567478603	2.934331797235023	1.0	cluster_consensus_marker_source_support	CD8 Cytotoxic / T Effector Memory:646; NK Cell:174; ydT Cell:30; MAIT Cell:10	CD8 Cytotoxic / T Effector Memory:554; NK Cell:175; ydT Cell:75; CD4 T Effector Memory:41	Blood Cell:801; CD4 T Effector Memory:34; MAIT Cell:31; NK Cell:2	CD8 Cytotoxic / T Effector Memory:670; NK Cell:138; MAIT Cell:32; Blood Cell:22	T Cell:708; NK Cell:138; Blood Cell:22	CD8 Cytotoxic / T Effector Memory:677; MAIT Cell:95; NK Cell:70; CD4 T Effector Memory:26	not_available:856; CD4 T Effector Memory:12	1756.0	5043.0	5.024627685546875
infection_study_01	Myeloid/DC	Myeloid_lineage:10	859	Classical Monocyte	True	Classical Monocyte	2.583121742705821	0.9019626018944242	1.6811591408113968	0.9688842764547374	0.5029103608847497	0.6888408448361882	4.821885913853317	1.0	cluster_consensus_marker_source_support	Classical Monocyte:856; Non-Classical Monocyte:3	Classical Monocyte:857; Non-Classical Monocyte:2	Classical Monocyte:857; Non-Classical Monocyte:2	Classical Monocyte:715; Blood Cell:112; Neutrophil:28; Intermediate Monocyte:2	Monocyte:718; Blood Cell:112; Granulocyte:28; DC:1	Classical Monocyte:857; Non-Classical Monocyte:2	not_available:859	1726.0	4615.0	9.669489860534668
infection_study_01	T/NK	T_NK_lineage:9	847	T Cell	False	CD8 Cytotoxic / T Effector Memory	1.4089606000773922	1.4071991667254116	0.0017614333519806	0.8200422401864395	0.1428571428571428	0.2929667734862539	2.050767414403778	1.0	cluster_parent_insufficient_consensus	CD8 Cytotoxic / T Effector Memory:499; NK Cell:331; CD4 Naive / T Central Memory:5; CD4 T Effector Memory:4	NK Cell:361; CD8 Cytotoxic / T Effector Memory:328; CD4 T Effector Memory:97; ydT Cell:49	Blood Cell:743; CD4 T Effector Memory:102; MAIT Cell:2	CD8 Cytotoxic / T Effector Memory:465; NK Cell:314; Blood Cell:60; CD4 T Effector Memory:4	T Cell:506; NK Cell:314; Blood Cell:27	CD8 Cytotoxic / T Effector Memory:445; NK Cell:387; CD4 T Effector Memory:12; MAIT Cell:3	not_available:833; CD4 Naive / T Central Memory:8; CD4 T Effector Memory:6	1931.0	5228.0	5.156909465789795
infection_study_01	T/NK	T_NK_lineage:10	840	CD4 T Effector Memory	True	CD4 T Effector Memory	1.6819053935753894	1.1094668625588753	0.5724385310165141	0.959562304274998	0.3523809523809524	0.282312925170068	1.9761904761904765	1.0	cluster_consensus_marker_source_support	CD8 Cytotoxic / T Effector Memory:480; CD4 T Effector Memory:190; CD4 Naive / T Central Memory:131; CD8 Naive / T Central Memory:13	CD8 Cytotoxic / T Effector Memory:343; CD4 Naive / T Central Memory:239; CD4 T Effector Memory:198; CD8 Naive / T Central Memory:49	Blood Cell:815; CD4 T Effector Memory:17; MAIT Cell:6; Lymphoid Cell:1	CD8 Cytotoxic / T Effector Memory:393; CD4 T Effector Memory:367; Blood Cell:34; CD8 Naive / T Central Memory:22	T Cell:808; Blood Cell:32	CD4 T Effector Memory:756; CD8 Cytotoxic / T Effector Memory:60; MAIT Cell:13; CD4 Naive / T Central Memory:10	not_available:455; CD4 Naive / T Central Memory:252; CD4 T Effector Memory:132; Treg:1	1519.5	5269.5	8.792981147766113
infection_study_01	Myeloid/DC	Myeloid_lineage:11	839	Classical Monocyte	True	Classical Monocyte	2.0305076415175023	1.0459125157022386	0.9845951258152636	0.7940426771538853	0.0584028605482717	0.6679720756002042	4.675804529201431	1.0	cluster_consensus_marker_source_support	Classical Monocyte:809; Non-Classical Monocyte:28; Myeloid Cell:1; Blood Cell:1	Classical Monocyte:829; Non-Classical Monocyte:10	Classical Monocyte:829; Non-Classical Monocyte:10	Classical Monocyte:617; Blood Cell:102; Conventional DC 2:68; Intermediate Monocyte:46	Monocyte:664; Blood Cell:102; DC:73	Classical Monocyte:839	not_available:839	2956.0	12039.0	5.798331260681152
infection_study_01	T/NK	T_NK_lineage:11	814	NK Cell	True	NK Cell	2.386046361417783	0.8038433608594195	1.5822030005583636	0.9313779040128176	0.2616707616707617	0.7044577044577044	4.931203931203931	1.0	cluster_consensus_marker_source_support	NK Cell:805; CD8 Cytotoxic / T Effector Memory:8; ydT Cell:1	NK Cell:799; CD8 Cytotoxic / T Effector Memory:9; ydT Cell:6	Blood Cell:798; NK Cell:16	NK Cell:793; CD8 Cytotoxic / T Effector Memory:13; Blood Cell:5; Lymphoid Cell:3	NK Cell:793; T Cell:14; Blood Cell:4; Lymphoid Cell:3	NK Cell:808; CD8 Cytotoxic / T Effector Memory:6	not_available:814	1892.0	5138.0	6.989496231079102
infection_study_01	T/NK	T_NK_lineage:14	720	T Cell	False	CD4 T Effector Memory	1.4951588038536363	1.3598135302114436	0.1353452736421929	0.9272267132765276	0.1986111111111111	0.2640873015873015	1.8486111111111112	1.0	cluster_parent_insufficient_consensus	CD4 Naive / T Central Memory:324; CD8 Cytotoxic / T Effector Memory:226; CD4 T Effector Memory:134; Treg:13	CD4 Naive / T Central Memory:362; CD4 T Effector Memory:142; CD8 Cytotoxic / T Effector Memory:135; CD8 Naive / T Central Memory:68	Blood Cell:705; Treg:7; MAIT Cell:4; CD4 T Effector Memory:2	CD4 T Effector Memory:364; CD8 Cytotoxic / T Effector Memory:160; CD4 Naive / T Central Memory:82; CD8 Naive / T Central Memory:39	T Cell:691; Blood Cell:29	CD4 T Effector Memory:515; CD4 Naive / T Central Memory:156; CD8 Cytotoxic / T Effector Memory:45; MAIT Cell:4	CD4 Naive / T Central Memory:343; not_available:192; CD4 T Effector Memory:174; Treg:11	1605.5	5449.0	8.179726600646973
infection_study_01	T/NK	T_NK_lineage:13	711	CD8 Cytotoxic / T Effector Memory	True	CD8 Cytotoxic / T Effector Memory	1.4593635189865517	0.7781614302786481	0.6812020887079033	0.7904923166557425	0.0492264416315049	0.3729154108900944	2.610407876230661	1.0	cluster_consensus_marker_source_support	CD8 Cytotoxic / T Effector Memory:543; NK Cell:159; ydT Cell:5; CD4 T Effector Memory:2	CD8 Cytotoxic / T Effector Memory:396; NK Cell:235; CD4 T Effector Memory:39; ydT Cell:26	Blood Cell:668; CD4 T Effector Memory:42; MAIT Cell:1	CD8 Cytotoxic / T Effector Memory:481; NK Cell:208; Blood Cell:16; CD4 T Effector Memory:4	T Cell:487; NK Cell:208; Blood Cell:16	CD8 Cytotoxic / T Effector Memory:436; NK Cell:262; CD4 T Effector Memory:11; MAIT Cell:2	not_available:708; CD4 T Effector Memory:3	1880.0	5326.0	7.83442497253418
infection_study_01	T/NK	T_NK_lineage:12	708	CD8 Cytotoxic / T Effector Memory	True	CD8 Cytotoxic / T Effector Memory	1.1216458560479698	0.7010162226368535	0.4206296334111163	0.7319022649479281	0.1200564971751412	0.1930992736077481	1.3516949152542372	1.0	cluster_consensus_marker_source_support	CD8 Cytotoxic / T Effector Memory:253; NK Cell:195; CD4 Naive / T Central Memory:162; CD4 T Effector Memory:43	CD4 Naive / T Central Memory:199; CD8 Cytotoxic / T Effector Memory:189; NK Cell:111; Platelet:107	Blood Cell:516; Platelet:118; CD4 T Effector Memory:24; CD8 Naive / T Central Memory:20	CD8 Cytotoxic / T Effector Memory:267; NK Cell:169; CD4 T Effector Memory:95; CD4 Naive / T Central Memory:89	T Cell:512; NK Cell:169; Blood Cell:27	CD8 Cytotoxic / T Effector Memory:248; NK Cell:182; CD4 Naive / T Central Memory:135; CD4 T Effector Memory:124	not_available:476; CD4 Naive / T Central Memory:190; CD4 T Effector Memory:35; Treg:7	1783.0	5406.5	7.084497451782227
infection_study_01	Myeloid/DC	Myeloid_lineage:12	661	Classical Monocyte	True	Classical Monocyte	2.408681911356238	0.982167781852856	1.426514129503382	0.963804529895856	0.3630862329803328	0.6583099200345796	4.608169440242057	1.0	cluster_consensus_marker_source_support	Classical Monocyte:658; Conventional DC 2:2; Blood Cell:1	Classical Monocyte:658; Conventional DC 2:3	Classical Monocyte:658; Blood Cell:3	Classical Monocyte:416; Blood Cell:194; Neutrophil:31; Platelet:11	Monocyte:420; Blood Cell:159; Granulocyte:34; Myeloid Cell:32	Classical Monocyte:656; NK Cell:4; Conventional DC 2:1	not_available:661	3203.0	14197.0	8.033123016357422
infection_study_01	T/NK	T_NK_lineage:15	648	CD8 Cytotoxic / T Effector Memory	True	CD8 Cytotoxic / T Effector Memory	2.0277921892261705	0.5971823691727559	1.4306098200534143	0.9447054111135388	0.3734567901234568	0.4625220458553791	3.2376543209876543	1.0	cluster_consensus_marker_source_support	CD8 Cytotoxic / T Effector Memory:572; Treg:33; NK Cell:16; CD4 Naive / T Central Memory:15	CD8 Cytotoxic / T Effector Memory:366; CD8 Naive / T Central Memory:163; CD4 Naive / T Central Memory:73; T Cell:21	Blood Cell:638; CD4 T Effector Memory:8; NK Cell:2	CD8 Cytotoxic / T Effector Memory:527; Treg:52; Blood Cell:35; Lymphoid Cell:13	T Cell:595; Blood Cell:35; Lymphoid Cell:13; NK Cell:5	CD8 Cytotoxic / T Effector Memory:633; NK Cell:8; CD4 T Effector Memory:6; MAIT Cell:1	not_available:592; CD4 Naive / T Central Memory:31; CD4 T Effector Memory:22; Treg:3	2516.5	8318.5	6.80898380279541
infection_study_01	Myeloid/DC	Myeloid_lineage:13	643	Classical Monocyte	True	Classical Monocyte	2.4470608053646905	0.7472009873561464	1.699859818008544	0.9291566528293642	0.3561430793157076	0.6978449233503667	4.884914463452566	1.0	cluster_consensus_marker_source_support	Classical Monocyte:634; Non-Classical Monocyte:9	Classical Monocyte:639; Non-Classical Monocyte:4	Classical Monocyte:639; Non-Classical Monocyte:4	Classical Monocyte:586; Blood Cell:43; Intermediate Monocyte:9; Conventional DC 2:4	Monocyte:596; Blood Cell:43; DC:4	Classical Monocyte:643	not_available:643	3105.0	11134.0	7.457472324371338
infection_study_01	T/NK	T_NK_lineage:16	639	NK Cell	True	NK Cell	2.268446724089836	0.7734692291832709	1.4949774949065646	0.9018461874590344	0.1314553990610328	0.7113793874357255	4.979655712050079	1.0	cluster_consensus_marker_source_support	NK Cell:639	NK Cell:631; CD8 Cytotoxic / T Effector Memory:6; MAIT Cell:2	Blood Cell:636; MAIT Cell:2; NK Cell:1	NK Cell:638; Blood Cell:1	NK Cell:639	NK Cell:634; CD8 Cytotoxic / T Effector Memory:5	not_available:639	1868.0	4848.0	5.414012908935547
infection_study_01	T/NK	T_NK_lineage:17	636	CD4 Naive / T Central Memory	True	CD4 Naive / T Central Memory	2.292364256435896	1.0940902876623833	1.1982739687735129	0.9569496030879032	0.2893081761006289	0.6314016172506738	4.419811320754717	1.0	cluster_consensus_marker_source_support	CD4 Naive / T Central Memory:566; CD8 Naive / T Central Memory:56; CD8 Cytotoxic / T Effector Memory:7; Treg:5	CD4 Naive / T Central Memory:560; CD8 Naive / T Central Memory:64; CD4 T Effector Memory:4; CD8 Cytotoxic / T Effector Memory:4	Blood Cell:517; CD4 Naive / T Central Memory:62; CD8 Naive / T Central Memory:55; Lymphoid Cell:1	CD4 Naive / T Central Memory:467; CD4 T Effector Memory:75; CD8 Naive / T Central Memory:61; Treg:15	T Cell:625; Blood Cell:11	CD4 Naive / T Central Memory:580; CD4 T Effector Memory:56	CD4 Naive / T Central Memory:576; not_available:48; Treg:10; CD4 T Effector Memory:2	1451.5	5707.5	6.637660503387451
infection_study_01	T/NK	T_NK_lineage:19	585	CD8 Cytotoxic / T Effector Memory	True	CD8 Cytotoxic / T Effector Memory	2.3040207074017425	0.5678591769699481	1.7361615304317943	0.9427390576068748	0.5487179487179488	0.5350427350427348	3.745299145299145	1.0	cluster_consensus_marker_source_support	CD8 Cytotoxic / T Effector Memory:540; NK Cell:37; Blood Cell:3; MAIT Cell:2	CD8 Cytotoxic / T Effector Memory:526; CD4 T Effector Memory:31; NK Cell:16; ydT Cell:8	Blood Cell:552; CD4 T Effector Memory:32; MAIT Cell:1	CD8 Cytotoxic / T Effector Memory:560; Blood Cell:11; NK Cell:10; CD4 T Effector Memory:3	T Cell:564; Blood Cell:11; NK Cell:10	CD8 Cytotoxic / T Effector Memory:565; CD4 T Effector Memory:9; NK Cell:7; MAIT Cell:4	not_available:582; CD4 T Effector Memory:3	1754.0	5461.0	7.805194854736328
infection_study_01	Myeloid/DC	Myeloid_lineage:14	571	Classical Monocyte	True	Classical Monocyte	1.871074896460744	1.0937492733380054	0.7773256231227383	0.7078326414682106	0.0332749562171628	0.6354766074555916	4.448336252189142	1.0	cluster_consensus_marker_source_support	Classical Monocyte:521; Non-Classical Monocyte:50	Classical Monocyte:546; Non-Classical Monocyte:24; Conventional DC 2:1	Classical Monocyte:546; Non-Classical Monocyte:24; Blood Cell:1	Classical Monocyte:375; Blood Cell:93; Intermediate Monocyte:65; Conventional DC 2:36	Monocyte:441; Blood Cell:93; DC:37	Classical Monocyte:552; Non-Classical Monocyte:19	not_available:571	2881.0	10699.0	6.512810230255127
infection_study_01	Myeloid/DC	Myeloid_lineage:15	548	Non-Classical Monocyte	True	Non-Classical Monocyte	2.424327929031748	0.7289124591083449	1.695415469923403	0.9731265020755954	0.6459854014598541	0.5430135557872784	3.801094890510949	1.0	cluster_consensus_marker_source_support	Non-Classical Monocyte:460; Classical Monocyte:83; Blood Cell:4; Myeloid Cell:1	Non-Classical Monocyte:483; Classical Monocyte:65	Non-Classical Monocyte:483; Classical Monocyte:65	Non-Classical Monocyte:255; Intermediate Monocyte:242; Blood Cell:25; Classical Monocyte:20	Monocyte:517; Blood Cell:23; DC:6; Myeloid Cell:2	Non-Classical Monocyte:402; Classical Monocyte:146	not_available:548	3299.0	13107.0	6.986232280731201
infection_study_01	T/NK	T_NK_lineage:21	545	CD8 Cytotoxic / T Effector Memory	True	CD8 Cytotoxic / T Effector Memory	1.5490364481247194	1.0559416662777104	0.493094781847009	0.8153994610734834	0.1119266055045871	0.3819134993446919	2.673394495412844	1.0	cluster_consensus_marker_source_support	CD8 Cytotoxic / T Effector Memory:423; CD4 T Effector Memory:47; CD4 Naive / T Central Memory:35; NK Cell:17	CD8 Cytotoxic / T Effector Memory:307; CD4 T Effector Memory:89; CD4 Naive / T Central Memory:58; ydT Cell:54	Blood Cell:491; CD4 T Effector Memory:48; MAIT Cell:6	CD8 Cytotoxic / T Effector Memory:410; CD4 T Effector Memory:88; Blood Cell:15; CD8 Naive / T Central Memory:13	T Cell:529; Blood Cell:13; NK Cell:3	CD8 Cytotoxic / T Effector Memory:317; CD4 T Effector Memory:166; MAIT Cell:37; NK Cell:16	not_available:450; CD4 Naive / T Central Memory:63; CD4 T Effector Memory:32	1688.0	5365.0	7.657917499542236
infection_study_01	Myeloid/DC	Myeloid_lineage:16	543	Classical Monocyte	True	Classical Monocyte	2.188803183413033	0.8804608558043643	1.3083423276086683	0.9037215060811304	0.0828729281767955	0.6890292028413575	4.823204419889502	1.0	cluster_consensus_marker_source_support	Classical Monocyte:520; Non-Classical Monocyte:23	Classical Monocyte:532; Non-Classical Monocyte:10; Conventional DC 2:1	Classical Monocyte:532; Non-Classical Monocyte:10; Blood Cell:1	Classical Monocyte:493; Intermediate Monocyte:35; Blood Cell:6; Neutrophil:6	Monocyte:529; Blood Cell:6; Granulocyte:6; DC:2	Classical Monocyte:542; Conventional DC 2:1	not_available:543	2573.0	9307.0	2.7091004848480225
infection_study_01	T/NK	T_NK_lineage:22	538	CD8 Cytotoxic / T Effector Memory	True	CD8 Cytotoxic / T Effector Memory	1.3563375334498813	0.8783858189328038	0.4779517145170775	0.8493736799941738	0.1338289962825278	0.2551779075942644	1.7862453531598512	1.0	cluster_consensus_marker_source_support	CD8 Cytotoxic / T Effector Memory:306; MAIT Cell:134; NK Cell:85; ydT Cell:6	ydT Cell:197; CD8 Cytotoxic / T Effector Memory:167; MAIT Cell:116; CD4 T Effector Memory:40	Blood Cell:390; MAIT Cell:116; CD4 T Effector Memory:32	CD8 Cytotoxic / T Effector Memory:316; MAIT Cell:128; ydT Cell:51; Blood Cell:26	T Cell:502; Blood Cell:26; NK Cell:10	MAIT Cell:305; CD8 Cytotoxic / T Effector Memory:172; NK Cell:36; CD4 T Effector Memory:25	not_available:528; CD4 T Effector Memory:10	1814.5	5840.0	8.163230895996094
infection_study_01	T/NK	T_NK_lineage:18	531	NK Cell	True	NK Cell	1.7821643352037584	0.7418118904520145	1.0403524447517438	0.8677263127230355	0.0470809792843691	0.5071294054344901	3.5499058380414312	1.0	cluster_consensus_marker_source_support	NK Cell:390; CD4 Naive / T Central Memory:73; CD8 Cytotoxic / T Effector Memory:48; Treg:11	NK Cell:362; CD4 Naive / T Central Memory:92; CD8 Cytotoxic / T Effector Memory:64; Treg:7	Blood Cell:513; Treg:12; CD4 T Effector Memory:3; Lymphoid Cell:2	NK Cell:364; Blood Cell:68; CD8 Cytotoxic / T Effector Memory:36; CD4 Naive / T Central Memory:28	NK Cell:364; T Cell:151; Blood Cell:16	NK Cell:404; CD4 Naive / T Central Memory:89; CD8 Cytotoxic / T Effector Memory:32; CD4 T Effector Memory:6	not_available:431; CD4 Naive / T Central Memory:75; CD4 T Effector Memory:15; Treg:10	1146.0	2333.0	9.047618865966797
infection_study_01	Myeloid/DC	Myeloid_lineage:17	515	Classical Monocyte	True	Classical Monocyte	1.9120854892565704	0.8416712565420118	1.0704142327145585	0.8153084261889156	0.0485436893203883	0.5997226074895977	4.1980582524271846	1.0	cluster_consensus_marker_source_support	Classical Monocyte:468; Non-Classical Monocyte:45; Myeloid Cell:1; Conventional DC 2:1	Classical Monocyte:500; Non-Classical Monocyte:15	Classical Monocyte:500; Non-Classical Monocyte:15	Classical Monocyte:227; Blood Cell:125; Intermediate Monocyte:87; Platelet:58	Monocyte:326; Blood Cell:125; Platelet:58; DC:5	Classical Monocyte:467; Non-Classical Monocyte:44; Platelet:3; Conventional DC 2:1	not_available:515	2385.0	7813.0	7.060062885284424
infection_study_01	T/NK	T_NK_lineage:20	509	CD8 Cytotoxic / T Effector Memory	True	CD8 Cytotoxic / T Effector Memory	1.4552002575323997	1.1984585124060796	0.2567417451263198	0.8345896147403685	0.137524557956778	0.3126578725792871	2.1886051080550097	1.0	cluster_consensus_marker_source_support	CD8 Cytotoxic / T Effector Memory:282; NK Cell:198; CD4 Naive / T Central Memory:7; Blood Cell:6	CD8 Cytotoxic / T Effector Memory:241; NK Cell:153; CD4 T Effector Memory:63; ydT Cell:42	Blood Cell:429; CD4 T Effector Memory:72; MAIT Cell:5; NK Cell:3	CD8 Cytotoxic / T Effector Memory:326; NK Cell:148; Blood Cell:11; MAIT Cell:5	T Cell:349; NK Cell:148; Blood Cell:8; Lymphoid Cell:4	CD8 Cytotoxic / T Effector Memory:265; NK Cell:213; MAIT Cell:12; CD4 Naive / T Central Memory:9	not_available:487; CD4 T Effector Memory:16; CD4 Naive / T Central Memory:5; Treg:1	796.0	1603.0	8.505526542663574
infection_study_01	T/NK	T_NK_lineage:23	496	NK Cell	True	NK Cell	2.340052905531464	0.8658977742851707	1.474155131246293	0.9172310829509868	0.2056451612903226	0.7105414746543777	4.973790322580645	1.0	cluster_consensus_marker_source_support	NK Cell:495; Blood Cell:1	NK Cell:494; ydT Cell:2	Blood Cell:496	NK Cell:491; CD8 Cytotoxic / T Effector Memory:3; Blood Cell:2	NK Cell:491; T Cell:3; Blood Cell:2	NK Cell:496	not_available:496	1639.0	4192.5	8.31524658203125
infection_study_01	T/NK	T_NK_lineage:24	492	CD8 Cytotoxic / T Effector Memory	True	CD8 Cytotoxic / T Effector Memory	1.9115816832229624	0.8135860461728934	1.0979956370500688	0.9070806933216808	0.3008130081300813	0.4497677119628339	3.148373983739837	1.0	cluster_consensus_marker_source_support	CD8 Cytotoxic / T Effector Memory:448; NK Cell:23; MAIT Cell:10; CD4 T Effector Memory:4	CD8 Cytotoxic / T Effector Memory:256; CD4 T Effector Memory:159; ydT Cell:54; CD4 Naive / T Central Memory:10	Blood Cell:337; CD4 T Effector Memory:152; Treg:2; MAIT Cell:1	CD8 Cytotoxic / T Effector Memory:438; MAIT Cell:13; Blood Cell:9; ydT Cell:9	T Cell:477; Blood Cell:8; NK Cell:6; Lymphoid Cell:1	CD8 Cytotoxic / T Effector Memory:407; MAIT Cell:38; CD4 T Effector Memory:25; NK Cell:21	not_available:473; CD4 T Effector Memory:14; CD4 Naive / T Central Memory:4; Treg:1	1812.5	5501.5	5.961272239685059
infection_study_01	B	B_lineage:0	475	Naive B Cell	True	Naive B Cell	2.495431835542538	0.3972361809045226	2.0981956546380154	0.9669543369019008	0.3578947368421052	0.7046616541353382	4.932631578947368	1.0	cluster_consensus_marker_source_support	Naive B Cell:473; Memory B Cell:2	Naive B Cell:473; B Cell:2	Blood Cell:475	Naive B Cell:450; Memory B Cell:21; Blood Cell:4	B Cell:471; Blood Cell:4	Naive B Cell:474; B Cell:1	Naive B Cell:473; Plasma Cell:2	1560.0	5217.0	8.101892471313477
infection_study_01	T/NK	T_NK_lineage:25	469	T Cell	False	CD4 T Effector Memory	1.3580716192705171	1.2490522727797566	0.1090193464907605	0.8980773432379288	0.0405117270788912	0.2723119098385622	1.906183368869936	1.0	cluster_parent_insufficient_consensus	Treg:169; CD4 T Effector Memory:169; CD4 Naive / T Central Memory:90; CD8 Cytotoxic / T Effector Memory:31	CD4 Naive / T Central Memory:257; Treg:121; CD8 Naive / T Central Memory:60; CD4 T Effector Memory:17	Blood Cell:337; Treg:126; CD4 T Effector Memory:5; MAIT Cell:1	CD4 T Effector Memory:245; Treg:194; CD8 Cytotoxic / T Effector Memory:20; Blood Cell:5	T Cell:463; Blood Cell:5; NK Cell:1	CD4 T Effector Memory:427; CD8 Cytotoxic / T Effector Memory:23; CD4 Naive / T Central Memory:18; Classical Monocyte:1	CD4 Naive / T Central Memory:199; Treg:152; not_available:87; CD4 T Effector Memory:31	1916.0	6642.0	6.527952194213867
infection_study_01	B	B_lineage:1	432	Naive B Cell	True	Naive B Cell	2.746389737102813	0.3479382621642836	2.398451474938529	0.975302235816765	0.6574074074074074	0.7066798941798941	4.94675925925926	1.0	cluster_consensus_marker_source_support	Naive B Cell:422; Blood Cell:8; B Cell:1; Memory B Cell:1	Naive B Cell:429; B Cell:3	Blood Cell:432	Naive B Cell:427; Memory B Cell:5	B Cell:432	Naive B Cell:430; B Cell:2	Naive B Cell:429; Plasma Cell:2; Memory B Cell:1	1690.0	5167.5	7.686362266540527
infection_study_01	T/NK	T_NK_lineage:26	429	NK Cell	True	NK Cell	2.313366251038307	0.9470351020329172	1.3663311490053895	0.9381873133784866	0.275058275058275	0.6573426573426573	4.601398601398602	1.0	cluster_consensus_marker_source_support	NK Cell:383; CD8 Cytotoxic / T Effector Memory:44; CD4 T Effector Memory:1; ydT Cell:1	NK Cell:406; CD8 Cytotoxic / T Effector Memory:15; ydT Cell:7; CD4 Naive / T Central Memory:1	Blood Cell:427; CD4 T Effector Memory:2	NK Cell:383; CD8 Cytotoxic / T Effector Memory:34; Blood Cell:10; MAIT Cell:1	NK Cell:383; T Cell:36; Blood Cell:9; Lymphoid Cell:1	NK Cell:419; CD8 Cytotoxic / T Effector Memory:7; MAIT Cell:1; CD4 T Effector Memory:1	not_available:429	1689.0	4624.0	8.7277193069458
infection_study_01	Myeloid/DC	Myeloid_lineage:19	423	Conventional DC 2	True	Conventional DC 2	1.95773130774351	0.9921005258292992	0.9656307819142108	0.9004624572136043	0.2245862884160756	0.5092874029044241	3.565011820330969	1.0	cluster_consensus_marker_source_support	Conventional DC 2:335; Classical Monocyte:77; Plasmacytoid DC:4; Non-Classical Monocyte:3	Conventional DC 2:383; Classical Monocyte:27; Blood Cell:8; Non-Classical Monocyte:3	Blood Cell:391; Classical Monocyte:27; Non-Classical Monocyte:3; Conventional DC 1:2	Conventional DC 2:395; Blood Cell:17; Plasmacytoid DC:3; Classical Monocyte:3	DC:406; Blood Cell:12; Monocyte:5	Conventional DC 2:395; Classical Monocyte:28	not_available:423	3791.0	19477.0	6.52304744720459
infection_study_01	Myeloid/DC	Myeloid_lineage:18	413	Myeloid Cell	False	Non-Classical Monocyte	1.0675793016184043	1.0634790608177518	0.0041002408006525	0.6585463549632219	0.1573849878934624	0.183673469387755	1.2857142857142858	1.0	cluster_parent_insufficient_consensus	Classical Monocyte:195; Non-Classical Monocyte:138; Conventional DC 2:30; Blood Cell:10	Classical Monocyte:209; Non-Classical Monocyte:131; Conventional DC 2:46; CD4 Naive / T Central Memory:8	Classical Monocyte:210; Non-Classical Monocyte:137; Blood Cell:49; Plasmacytoid DC:7	Classical Monocyte:134; Intermediate Monocyte:88; Non-Classical Monocyte:70; Blood Cell:54	Monocyte:292; DC:65; Blood Cell:54; Platelet:1	Classical Monocyte:353; Non-Classical Monocyte:55; Conventional DC 2:5	not_available:413	908.0	1869.0	7.461843013763428
infection_study_01	B	B_lineage:2	402	Naive B Cell	True	Naive B Cell	2.580434303171244	0.4030860825868473	2.177348220584397	0.9722980846260288	0.4850746268656716	0.6933191186922529	4.853233830845771	1.0	cluster_consensus_marker_source_support	Naive B Cell:394; Memory B Cell:8	Naive B Cell:395; B Cell:6; Memory B Cell:1	Blood Cell:402	Naive B Cell:373; Memory B Cell:27; Blood Cell:2	B Cell:400; Blood Cell:2	Naive B Cell:395; B Cell:7	Naive B Cell:394; Memory B Cell:8	1626.0	5284.5	7.654861450195312
infection_study_01	B	B_lineage:3	371	Naive B Cell	True	Naive B Cell	2.6425182554213533	0.3653121313823306	2.2772061240390227	0.9677918578399244	0.6469002695417789	0.6599922988063149	4.619946091644205	1.0	cluster_consensus_marker_source_support	Naive B Cell:357; Memory B Cell:12; B Cell:2	Naive B Cell:344; B Cell:26; Memory B Cell:1	Blood Cell:371	Naive B Cell:310; Memory B Cell:52; Blood Cell:9	B Cell:362; Blood Cell:9	Naive B Cell:348; B Cell:23	Naive B Cell:355; Memory B Cell:16	1687.0	5849.0	6.473684310913086
infection_study_01	B	B_lineage:4	365	Naive B Cell	True	Naive B Cell	2.5738122587753707	0.4733750273104654	2.1004372314649054	0.95972616706722	0.4904109589041096	0.6935420743639921	4.854794520547945	1.0	cluster_consensus_marker_source_support	Naive B Cell:363; Memory B Cell:2	Naive B Cell:362; B Cell:3	Blood Cell:365	Naive B Cell:323; Memory B Cell:35; Blood Cell:7	B Cell:358; Blood Cell:7	Naive B Cell:360; B Cell:5	Naive B Cell:364; Memory B Cell:1	1477.0	5257.0	7.320099353790283
infection_study_01	B	B_lineage:5	360	Memory B Cell	True	Memory B Cell	2.121124610283994	0.9390435961727202	1.182081014111274	0.9686657927317748	0.475	0.4575396825396824	3.202777777777778	1.0	cluster_consensus_marker_source_support	Memory B Cell:315; Naive B Cell:41; B Cell:4	Memory B Cell:174; B Cell:158; Naive B Cell:28	Blood Cell:360	Memory B Cell:342; Naive B Cell:15; Blood Cell:3	B Cell:357; Blood Cell:3	B Cell:344; Naive B Cell:16	Memory B Cell:322; Naive B Cell:37; Plasma Cell:1	1613.0	5835.0	7.300515651702881
infection_study_01	B	B_lineage:6	351	Memory B Cell	True	Memory B Cell	2.0560643282950477	0.8882639116198217	1.1678004166752256	0.9393343529240404	0.4017094017094017	0.468050468050468	3.276353276353277	1.0	cluster_consensus_marker_source_support	Memory B Cell:334; Naive B Cell:13; B Cell:4	B Cell:222; Memory B Cell:123; Naive B Cell:5; CD4 Naive / T Central Memory:1	Blood Cell:351	Memory B Cell:350; Naive B Cell:1	B Cell:351	B Cell:347; Naive B Cell:3; NK Cell:1	Memory B Cell:343; Naive B Cell:8	1789.0	6992.0	7.294157981872559
infection_study_01	Myeloid/DC	Myeloid_lineage:20	350	Classical Monocyte	True	Classical Monocyte	2.17249534272962	0.7517037115479795	1.4207916311816402	0.8872623989512782	0.1257142857142857	0.6702040816326531	4.691428571428571	1.0	cluster_consensus_marker_source_support	Classical Monocyte:332; Non-Classical Monocyte:18	Classical Monocyte:333; Non-Classical Monocyte:17	Classical Monocyte:333; Non-Classical Monocyte:17	Classical Monocyte:307; Blood Cell:21; Intermediate Monocyte:17; Non-Classical Monocyte:4	Monocyte:328; Blood Cell:21; DC:1	Classical Monocyte:337; Non-Classical Monocyte:13	not_available:350	2318.0	8019.0	8.174715995788574
infection_study_01	Myeloid/DC	Myeloid_lineage:21	343	Classical Monocyte	True	Classical Monocyte	2.2088680072582823	1.0134827934285993	1.195385213829683	0.8454773869346733	0.1807580174927113	0.6859641815910037	4.801749271137027	1.0	cluster_consensus_marker_source_support	Classical Monocyte:340; Non-Classical Monocyte:3	Classical Monocyte:339; Non-Classical Monocyte:4	Classical Monocyte:339; Non-Classical Monocyte:4	Classical Monocyte:287; Blood Cell:46; Non-Classical Monocyte:4; Neutrophil:3	Monocyte:291; Blood Cell:46; Granulocyte:3; DC:3	Classical Monocyte:342; Non-Classical Monocyte:1	not_available:343	1774.0	4858.0	6.698153972625732
infection_study_01	T/NK	T_NK_lineage:28	335	CD4 Naive / T Central Memory	True	CD4 Naive / T Central Memory	1.6050164910955071	1.4123467853777087	0.1926697057177984	0.9557752530769792	0.1552238805970149	0.3266524520255863	2.2865671641791043	1.0	cluster_consensus_marker_source_support	CD4 Naive / T Central Memory:175; CD4 T Effector Memory:90; Treg:30; CD8 Cytotoxic / T Effector Memory:30	CD4 Naive / T Central Memory:291; CD4 T Effector Memory:18; CD8 Cytotoxic / T Effector Memory:15; CD8 Naive / T Central Memory:6	Blood Cell:324; Treg:6; CD4 T Effector Memory:5	CD4 T Effector Memory:227; Treg:53; CD4 Naive / T Central Memory:19; CD8 Cytotoxic / T Effector Memory:17	T Cell:322; Blood Cell:13	CD4 T Effector Memory:310; CD8 Cytotoxic / T Effector Memory:19; CD4 Naive / T Central Memory:5; Classical Monocyte:1	CD4 Naive / T Central Memory:276; not_available:28; CD4 T Effector Memory:19; Treg:12	2128.0	7977.0	5.949678421020508
infection_study_01	T/NK	T_NK_lineage:29	306	CD8 Cytotoxic / T Effector Memory	True	CD8 Cytotoxic / T Effector Memory	1.2706840361226424	0.9161047672291548	0.3545792688934874	0.8933526327288617	0.4281045751633986	0.065359477124183	0.457516339869281	1.0	cluster_consensus_marker_source_support	CD8 Cytotoxic / T Effector Memory:140; NK Cell:75; Plasmablast:39; Blood Cell:34	NK Cell:233; CD4 T Cell (ab):51; CD8 T Cell (ab):22	NK Cell:233; CD4 T Cell (ab):51; CD8 T Cell (ab):22	Lymphoid Cell:302; Blood Cell:3; Leukocyte:1	Lymphoid Cell:302; Blood Cell:3; Leukocyte:1	NK Cell:306	not_available:272; CD4 Naive / T Central Memory:29; CD4 T Effector Memory:3; Treg:2	4740.0	25586.0	7.437042236328125
infection_study_01	B	B_lineage:7	302	Memory B Cell	True	Memory B Cell	2.6208949140833946	0.8078525261741226	1.813042387909272	0.9880016022139684	0.8344370860927153	0.5600756859035003	3.9205298013245033	1.0	cluster_consensus_marker_source_support	Memory B Cell:298; B Cell:3; Naive B Cell:1	Memory B Cell:282; B Cell:18; Naive B Cell:2	Blood Cell:302	Memory B Cell:302	B Cell:302	B Cell:302	Memory B Cell:302	1993.5	7568.0	7.892683029174805
infection_study_01	T/NK	T_NK_lineage:27	301	NK Cell	True	NK Cell	1.4364525548648714	1.1523071108622909	0.2841454440025805	0.871331294151919	0.1063122923588039	0.2985287138111058	2.089700996677741	1.0	cluster_consensus_marker_source_support	CD8 Cytotoxic / T Effector Memory:193; NK Cell:84; CD4 T Effector Memory:8; CD4 Naive / T Central Memory:6	NK Cell:153; CD8 Cytotoxic / T Effector Memory:96; CD4 T Effector Memory:25; CD4 Naive / T Central Memory:16	Blood Cell:275; CD4 T Effector Memory:23; Treg:2; MAIT Cell:1	CD8 Cytotoxic / T Effector Memory:162; NK Cell:112; CD4 T Effector Memory:11; Blood Cell:6	T Cell:183; NK Cell:112; Blood Cell:6	NK Cell:168; CD8 Cytotoxic / T Effector Memory:117; CD4 T Effector Memory:7; CD4 Naive / T Central Memory:5	not_available:287; CD4 Naive / T Central Memory:10; CD4 T Effector Memory:3; Treg:1	1778.0	4816.0	6.627243041992188
infection_study_01	B	B_lineage:8	296	Memory B Cell	True	Memory B Cell	1.786730382650199	0.9580918694530232	0.8286385131971759	0.965843711310174	0.2871621621621621	0.3619691119691118	2.533783783783784	1.0	cluster_consensus_marker_source_support	Memory B Cell:173; B Cell:83; Naive B Cell:39; Blood Cell:1	B Cell:276; Memory B Cell:16; Naive B Cell:4	Blood Cell:296	Memory B Cell:285; Naive B Cell:9; Blood Cell:2	B Cell:294; Blood Cell:2	B Cell:291; Naive B Cell:5	Memory B Cell:276; Naive B Cell:20	1873.0	7143.5	8.73975944519043
infection_study_01	T/NK	T_NK_lineage:30	289	NK Cell	True	NK Cell	1.3261806815028958	1.1643115910529027	0.1618690904499931	0.7395856092054476	0.0449826989619377	0.3287197231833909	2.301038062283737	1.0	cluster_consensus_marker_source_support	CD8 Cytotoxic / T Effector Memory:142; NK Cell:113; Blood Cell:11; Treg:7	NK Cell:124; CD8 T Cell (ab):93; CD8 Naive / T Central Memory:23; CD4 Naive / T Central Memory:22	NK Cell:109; CD8 T Cell (ab):98; Blood Cell:66; CD4 T Cell (ab):10	Lymphoid Cell:237; Blood Cell:27; NK Cell:16; CD8 Cytotoxic / T Effector Memory:7	Lymphoid Cell:237; Blood Cell:27; NK Cell:16; T Cell:9	NK Cell:287; CD8 Cytotoxic / T Effector Memory:2	not_available:274; CD4 Naive / T Central Memory:10; CD4 T Effector Memory:4; Treg:1	3055.0	10027.0	7.755242347717285
infection_study_01	T/NK	T_NK_lineage:31	284	NK Cell	True	NK Cell	2.2853155913853227	0.845152507793099	1.4401630835922237	0.855190809118054	0.0105633802816901	0.7932595573440643	5.552816901408451	1.0	cluster_consensus_marker_source_support	NK Cell:276; Blood Cell:5; CD8 Cytotoxic / T Effector Memory:3	NK Cell:275; Lymphoid Cell:5; CD8 Cytotoxic / T Effector Memory:3; ydT Cell:1	NK Cell:194; Blood Cell:85; Lymphoid Cell:5	NK Cell:276; Blood Cell:4; Lymphoid Cell:2; CD4 T Effector Memory:1	NK Cell:278; Blood Cell:2; T Cell:2; Lymphoid Cell:2	NK Cell:278; CD4 T Effector Memory:3; MAIT Cell:2; CD8 Cytotoxic / T Effector Memory:1	not_available:280; CD4 Naive / T Central Memory:4	2014.0	6095.0	7.976802825927734
infection_study_01	B	B_lineage:9	281	Naive B Cell	True	Naive B Cell	2.3791504854126293	0.4487831778418629	1.9303673075707664	0.9516968902483433	0.2491103202846975	0.6964921199796645	4.875444839857651	1.0	cluster_consensus_marker_source_support	Naive B Cell:277; Blood Cell:2; Memory B Cell:2	Naive B Cell:274; B Cell:5; Memory B Cell:2	Blood Cell:281	Naive B Cell:266; Memory B Cell:10; Blood Cell:5	B Cell:276; Blood Cell:5	Naive B Cell:275; B Cell:6	Naive B Cell:278; Memory B Cell:3	1343.0	4173.0	7.048851013183594
infection_study_01	T/NK	T_NK_lineage:32	273	T Cell	False	NK Cell	1.3454250583109162	1.3447811515658514	0.0006439067450647	0.8283082077051926	0.0402930402930402	0.2987964416535845	2.091575091575092	1.0	cluster_parent_insufficient_consensus	NK Cell:135; CD8 Cytotoxic / T Effector Memory:131; ydT Cell:3; MAIT Cell:2	NK Cell:112; CD8 Cytotoxic / T Effector Memory:110; ydT Cell:24; CD4 T Effector Memory:22	Blood Cell:251; CD4 T Effector Memory:18; MAIT Cell:4	CD8 Cytotoxic / T Effector Memory:154; NK Cell:91; Blood Cell:16; MAIT Cell:9	T Cell:173; NK Cell:92; Blood Cell:8	NK Cell:141; CD8 Cytotoxic / T Effector Memory:106; MAIT Cell:15; CD4 T Effector Memory:11	not_available:270; CD4 T Effector Memory:3	1615.0	4747.0	8.5829496383667
infection_study_01	Myeloid/DC	Myeloid_lineage:22	259	Classical Monocyte	True	Classical Monocyte	2.155029286218618	1.0937284566673748	1.0613008295512432	0.8915046245721361	0.166023166023166	0.6420297848869277	4.494208494208494	1.0	cluster_consensus_marker_source_support	Classical Monocyte:244; Non-Classical Monocyte:8; CD4 Naive / T Central Memory:3; Myeloid Cell:2	Classical Monocyte:248; Non-Classical Monocyte:10; RBC:1	Classical Monocyte:248; Non-Classical Monocyte:10; RBC:1	Classical Monocyte:166; Blood Cell:62; Neutrophil:19; Intermediate Monocyte:9	Monocyte:177; Blood Cell:59; Granulocyte:19; Myeloid Cell:3	Classical Monocyte:258; Non-Classical Monocyte:1	not_available:259	504.0	833.0	4.243281364440918
infection_study_01	T/NK	T_NK_lineage:33	256	MAIT Cell	True	MAIT Cell	2.049545183214207	1.3245722620283094	0.7249729211858977	0.8739986162697546	0.0625	0.638392857142857	4.46875	1.0	cluster_consensus_marker_source_support	MAIT Cell:203; CD8 Cytotoxic / T Effector Memory:37; NK Cell:8; CD4 T Effector Memory:6	MAIT Cell:232; CD4 T Effector Memory:10; CD8 Cytotoxic / T Effector Memory:6; ydT Cell:4	MAIT Cell:234; Blood Cell:22	MAIT Cell:231; CD8 Cytotoxic / T Effector Memory:15; CD4 T Effector Memory:7; ydT Cell:1	T Cell:254; NK Cell:1; Blood Cell:1	MAIT Cell:244; CD4 T Effector Memory:8; CD8 Cytotoxic / T Effector Memory:4	not_available:246; CD4 T Effector Memory:8; CD4 Naive / T Central Memory:2	1592.0	5905.5	9.367509841918944
infection_study_01	T/NK	T_NK_lineage:34	253	T Cell	False	CD4 T Effector Memory	1.7618588424902604	1.3115928314639258	0.4502660110263345	0.951096060010196	0.1976284584980237	0.39356295878035	2.7549407114624507	1.0	cluster_parent_insufficient_consensus	CD4 T Effector Memory:109; CD4 Naive / T Central Memory:67; CD8 Cytotoxic / T Effector Memory:62; Blood Cell:7	CD4 Naive / T Central Memory:144; CD4 T Effector Memory:72; CD8 Cytotoxic / T Effector Memory:24; CD8 Naive / T Central Memory:8	Blood Cell:247; Lymphoid Cell:3; MAIT Cell:2; CD4 T Effector Memory:1	CD4 T Effector Memory:188; CD8 Cytotoxic / T Effector Memory:29; Blood Cell:16; CD4 Naive / T Central Memory:10	T Cell:242; Blood Cell:11	CD4 T Effector Memory:237; CD8 Cytotoxic / T Effector Memory:12; CD4 Naive / T Central Memory:4	CD4 Naive / T Central Memory:133; CD4 T Effector Memory:90; not_available:30	1963.0	6127.0	6.788844585418701
infection_study_01	B	B_lineage:10	246	Naive B Cell	True	Naive B Cell	2.4100485923278967	0.4824776054183963	1.9275709869095004	0.9454792076323648	0.3821138211382114	0.6596980255516838	4.617886178861789	1.0	cluster_consensus_marker_source_support	Naive B Cell:235; Memory B Cell:11	Naive B Cell:227; B Cell:18; Memory B Cell:1	Blood Cell:246	Naive B Cell:207; Memory B Cell:32; Blood Cell:7	B Cell:239; Blood Cell:7	Naive B Cell:235; B Cell:11	Naive B Cell:232; Memory B Cell:13; Plasma Cell:1	1358.5	4567.0	7.108139514923096
infection_study_01	B	B_lineage:11	240	Naive B Cell	True	Naive B Cell	2.3212074867089068	0.4584880926370985	1.8627193940718083	0.944860170417304	0.275	0.6583333333333332	4.608333333333333	1.0	cluster_consensus_marker_source_support	Naive B Cell:200; Blood Cell:40	Naive B Cell:237; B Cell:3	Blood Cell:240	Naive B Cell:190; Memory B Cell:43; Blood Cell:7	B Cell:233; Blood Cell:7	Naive B Cell:240	Naive B Cell:239; Memory B Cell:1	1703.0	6001.0	7.186684608459473
infection_study_01	B	B_lineage:12	227	Naive B Cell	True	Naive B Cell	2.315490592206387	0.4646888470040574	1.8508017452023295	0.951132473964023	0.4537444933920704	0.5770925110132159	4.039647577092511	1.0	cluster_consensus_marker_source_support	Naive B Cell:187; Memory B Cell:37; B Cell:2; NK Cell:1	Naive B Cell:182; B Cell:29; Memory B Cell:16	Blood Cell:227	Naive B Cell:169; Memory B Cell:57; Blood Cell:1	B Cell:226; Blood Cell:1	Naive B Cell:190; B Cell:37	Naive B Cell:189; Memory B Cell:38	1916.0	5700.0	4.948096752166748
infection_study_01	Myeloid/DC	Myeloid_lineage:23	226	Classical Monocyte	True	Classical Monocyte	1.7854611926228183	0.6375279561110119	1.147933236511807	0.7406234068895201	0.1150442477876106	0.5404551201011378	3.7831858407079646	1.0	cluster_consensus_marker_source_support	Classical Monocyte:172; Non-Classical Monocyte:37; Conventional DC 2:9; CD8 Cytotoxic / T Effector Memory:5	Classical Monocyte:176; Non-Classical Monocyte:38; Conventional DC 2:10; NK Cell:1	Classical Monocyte:177; Non-Classical Monocyte:39; Blood Cell:10	Classical Monocyte:136; Intermediate Monocyte:47; Blood Cell:19; Conventional DC 2:11	Monocyte:194; Blood Cell:19; DC:12; Granulocyte:1	Classical Monocyte:194; Non-Classical Monocyte:23; Conventional DC 2:9	not_available:226	3611.5	15297.0	7.623775005340576
infection_study_01	B	B_lineage:13	224	Memory B Cell	True	Memory B Cell	1.7517822168740775	0.8495457266367328	0.9022364902373448	0.9732812613793606	0.3571428571428571	0.3105867346938775	2.174107142857143	1.0	cluster_consensus_marker_source_support	B Cell:169; Memory B Cell:40; Naive B Cell:14; Blood Cell:1	B Cell:209; Memory B Cell:12; Naive B Cell:3	Blood Cell:224	Memory B Cell:215; Naive B Cell:6; Blood Cell:3	B Cell:221; Blood Cell:3	B Cell:221; Naive B Cell:3	Memory B Cell:220; Naive B Cell:4	1953.5	7388.5	7.9520978927612305
infection_study_01	B	B_lineage:14	220	Naive B Cell	True	Naive B Cell	2.5110475301408224	0.3949830675114704	2.116064462629352	0.9738911951059646	0.4454545454545454	0.6727272727272726	4.709090909090909	1.0	cluster_consensus_marker_source_support	Naive B Cell:213; Memory B Cell:6; B Cell:1	Naive B Cell:208; B Cell:12	Blood Cell:220	Naive B Cell:195; Memory B Cell:23; Blood Cell:2	B Cell:218; Blood Cell:2	Naive B Cell:211; B Cell:9	Naive B Cell:209; Memory B Cell:11	1538.0	5129.0	7.828893661499023
infection_study_01	B	B_lineage:16	212	Memory B Cell	True	Memory B Cell	1.8617623156212328	0.8918744740342991	0.9698878415869338	0.9551926298157454	0.3867924528301887	0.3645552560646899	2.55188679245283	1.0	cluster_consensus_marker_source_support	Memory B Cell:105; B Cell:87; Naive B Cell:20	B Cell:181; Memory B Cell:28; Naive B Cell:3	Blood Cell:212	Memory B Cell:209; Blood Cell:2; Naive B Cell:1	B Cell:210; Blood Cell:2	B Cell:205; Naive B Cell:7	Memory B Cell:199; Naive B Cell:13	2676.0	11593.0	8.650165557861328
infection_study_01	B	B_lineage:15	210	Naive B Cell	True	Naive B Cell	2.000621307513611	0.5702911035508806	1.43033020396273	0.9306223144709052	0.1952380952380952	0.5299319727891156	3.7095238095238097	1.0	cluster_consensus_marker_source_support	Naive B Cell:150; Memory B Cell:54; B Cell:3; NK Cell:2	Naive B Cell:143; B Cell:30; Memory B Cell:30; CD4 Naive / T Central Memory:7	Blood Cell:208; HSC:1; Treg:1	Naive B Cell:148; Memory B Cell:59; Blood Cell:2; B Cell:1	B Cell:207; Blood Cell:3	Naive B Cell:171; B Cell:39	Naive B Cell:167; Memory B Cell:39; Plasma Cell:2; not_available:1	727.5	1852.0	8.402738571166992
infection_study_01	B	B_lineage:17	209	Memory B Cell	True	Memory B Cell	2.642003521873984	0.8074725988108692	1.8345309230631148	0.9924441045808754	0.8564593301435407	0.5598086124401912	3.91866028708134	1.0	cluster_consensus_marker_source_support	Memory B Cell:205; B Cell:4	Memory B Cell:200; B Cell:9	Blood Cell:209	Memory B Cell:205; Naive B Cell:3; Blood Cell:1	B Cell:208; Blood Cell:1	B Cell:209	Memory B Cell:209	2471.0	9079.0	7.461902618408203
infection_study_01	T/NK	T_NK_lineage:35	195	CD4 Naive / T Central Memory	True	CD4 Naive / T Central Memory	1.3561730215018395	1.0119531044296175	0.344219917072222	0.9189061248270336	0.1794871794871795	0.2029304029304029	1.4205128205128206	1.0	cluster_consensus_marker_source_support	CD4 T Effector Memory:72; CD4 Naive / T Central Memory:54; CD8 Cytotoxic / T Effector Memory:36; Treg:25	CD4 Naive / T Central Memory:152; CD8 Naive / T Central Memory:14; Treg:10; CD8 Cytotoxic / T Effector Memory:10	Blood Cell:179; Treg:12; CD4 T Effector Memory:3; CD8 Naive / T Central Memory:1	CD4 T Effector Memory:119; Treg:47; CD8 Cytotoxic / T Effector Memory:18; CD4 Naive / T Central Memory:4	T Cell:191; Blood Cell:4	Classical Monocyte:168; CD8 Cytotoxic / T Effector Memory:21; CD4 T Effector Memory:3; CD4 Naive / T Central Memory:2	not_available:115; CD4 Naive / T Central Memory:65; Treg:8; CD4 T Effector Memory:7	2240.0	8524.0	7.74634838104248
infection_study_01	Myeloid/DC	Myeloid_lineage:24	186	Classical Monocyte	True	Classical Monocyte	2.331173251719091	0.8067389013792666	1.5244343503398246	0.8739439953390139	0.2580645161290322	0.7043010752688172	4.93010752688172	1.0	cluster_consensus_marker_source_support	Classical Monocyte:186	Classical Monocyte:186	Classical Monocyte:186	Classical Monocyte:175; Blood Cell:11	Monocyte:175; Blood Cell:11	Classical Monocyte:184; Non-Classical Monocyte:2	not_available:186	2618.5	9053.0	7.753094673156738
infection_study_01	T/NK	T_NK_lineage:36	184	NK Cell	True	NK Cell	2.337478151627704	0.9754697400043696	1.362008411623334	0.948647221615323	0.3315217391304347	0.641304347826087	4.489130434782608	1.0	cluster_consensus_marker_source_support	NK Cell:133; CD8 Cytotoxic / T Effector Memory:51	NK Cell:179; CD8 Cytotoxic / T Effector Memory:4; ydT Cell:1	Blood Cell:183; NK Cell:1	NK Cell:168; Blood Cell:10; CD8 Cytotoxic / T Effector Memory:5; Lymphoid Cell:1	NK Cell:168; Blood Cell:10; T Cell:5; Lymphoid Cell:1	NK Cell:177; CD8 Cytotoxic / T Effector Memory:7	not_available:184	2179.5	6435.5	7.921225547790527
infection_study_01	B	B_lineage:18	162	Naive B Cell	True	Naive B Cell	2.288699704912108	0.5247192416726683	1.7639804632394394	0.9517788216444542	0.1481481481481481	0.691358024691358	4.839506172839506	1.0	cluster_consensus_marker_source_support	Naive B Cell:159; Memory B Cell:3	Naive B Cell:157; B Cell:5	Blood Cell:162	Naive B Cell:152; Memory B Cell:10	B Cell:162	Naive B Cell:158; B Cell:4	Naive B Cell:158; Memory B Cell:3; Plasma Cell:1	1092.0	3523.0	9.529658317565918
infection_study_01	B	B_lineage:19	149	Naive B Cell	True	Naive B Cell	2.411442566536463	0.4746583992328143	1.936784167303649	0.952843929793897	0.3825503355704698	0.6567593480345159	4.597315436241611	1.0	cluster_consensus_marker_source_support	Naive B Cell:142; Memory B Cell:7	Naive B Cell:140; B Cell:7; Memory B Cell:2	Blood Cell:149	Naive B Cell:119; Memory B Cell:29; Blood Cell:1	B Cell:148; Blood Cell:1	Naive B Cell:143; B Cell:6	Naive B Cell:141; Memory B Cell:6; Plasma Cell:2	1343.0	4962.0	9.19874668121338
infection_study_01	Artifact/Other	leiden:36	144	RBC	True	RBC	2.417082349289581	0.0524905193670214	2.3645918299225595	0.9986982011506808	0.9930555555555556	0.3809523809523809	2.6666666666666665	1.0	cluster_consensus_marker_source_support	Blood Cell:123; NK Cell:11; Naive B Cell:3; Platelet:3	RBC:134; Platelet:5; NK Cell:3; Naive B Cell:1	RBC:134; Platelet:5; NK Cell:3; Blood Cell:2	Blood Cell:141; Platelet:3	RBC:115; Blood Cell:26; Platelet:3	Blood Cell:136; Platelet:8	not_available:126; CD4 Naive / T Central Memory:14; Plasma Cell:3; CD4 T Effector Memory:1	549.5	4031.0	2.0322132110595703
infection_study_01	B	B_lineage:20	132	Naive B Cell	True	Naive B Cell	1.942280312724927	0.7426755341737863	1.1996047785511408	0.942120020391814	0.2575757575757575	0.4675324675324676	3.272727272727273	1.0	cluster_consensus_marker_source_support	Naive B Cell:89; Memory B Cell:31; B Cell:11; CD4 Naive / T Central Memory:1	Naive B Cell:88; Memory B Cell:23; B Cell:18; Platelet:3	Blood Cell:129; Platelet:3	Naive B Cell:72; Memory B Cell:57; Blood Cell:3	B Cell:129; Blood Cell:3	Naive B Cell:93; B Cell:39	Naive B Cell:90; Memory B Cell:42	1629.0	5579.0	7.756122589111328
infection_study_01	B	B_lineage:21	127	Plasma Cell	True	Plasma Cell	2.2417920347077	1.8333555892633804	0.4084364454443197	0.998816546500619	0.4015748031496063	0.5376827896512936	3.763779527559055	1.0	cluster_consensus_marker_source_support	Plasma Cell:72; Plasmablast:53; Blood Cell:1; Memory B Cell:1	Plasmablast:126; CD4 Naive / T Central Memory:1	Plasma Cell:81; Plasmablast:46	Plasma Cell:124; Blood Cell:3	B Cell:124; Blood Cell:3	Plasma Cell:84; NK Cell:43	Plasma Cell:117; Memory B Cell:7; Naive B Cell:3	4233.0	40279.0	7.661096572875977
infection_study_01	Myeloid/DC	Myeloid_lineage:25	119	Non-Classical Monocyte	True	Non-Classical Monocyte	2.181998659197129	0.99239031422051	1.189608344976619	0.969594348554366	0.6302521008403361	0.4237695078031214	2.966386554621849	1.0	cluster_consensus_marker_source_support	Non-Classical Monocyte:114; Classical Monocyte:5	Non-Classical Monocyte:110; Classical Monocyte:9	Non-Classical Monocyte:110; Classical Monocyte:9	Intermediate Monocyte:108; Non-Classical Monocyte:10; Blood Cell:1	Monocyte:118; Blood Cell:1	Classical Monocyte:110; Non-Classical Monocyte:9	not_available:119	3406.0	13296.0	4.49884033203125
infection_study_01	B	B_lineage:22	118	Naive B Cell	True	Naive B Cell	2.739759216918363	0.4655381272612139	2.274221089657149	0.9742280241788652	0.6610169491525424	0.7021791767554475	4.915254237288136	1.0	cluster_consensus_marker_source_support	Naive B Cell:117; Memory B Cell:1	Naive B Cell:116; B Cell:1; Memory B Cell:1	Blood Cell:118	Naive B Cell:114; Memory B Cell:4	B Cell:118	Naive B Cell:117; B Cell:1	Naive B Cell:116; Memory B Cell:2	1595.5	5177.5	7.377343654632568
infection_study_01	B	B_lineage:23	117	Memory B Cell	True	Memory B Cell	2.42501796688491	0.9063313728487422	1.5186865940361676	0.9866906998761924	0.7264957264957265	0.5030525030525029	3.5213675213675213	1.0	cluster_consensus_marker_source_support	Memory B Cell:111; Naive B Cell:4; B Cell:2	Memory B Cell:78; B Cell:27; Naive B Cell:12	Blood Cell:117	Memory B Cell:111; Naive B Cell:6	B Cell:117	B Cell:114; Naive B Cell:3	Memory B Cell:112; Naive B Cell:5	2178.0	7449.0	6.304768562316895
infection_study_01	B	B_lineage:24	95	Naive B Cell	True	Naive B Cell	2.563067084359358	0.4105746121913917	2.152492472167966	0.9626392833733888	0.631578947368421	0.6270676691729323	4.389473684210526	1.0	cluster_consensus_marker_source_support	Naive B Cell:89; B Cell:3; Blood Cell:2; Memory B Cell:1	Naive B Cell:92; B Cell:3	Blood Cell:95	Naive B Cell:63; Memory B Cell:29; Blood Cell:3	B Cell:92; Blood Cell:3	Naive B Cell:87; B Cell:8	Naive B Cell:86; Memory B Cell:9	2068.0	7949.0	6.565732479095459
infection_study_01	B	B_lineage:25	93	Memory B Cell	True	Memory B Cell	1.620069634554929	1.3179987545420957	0.3020708800128335	0.8787597407326487	0.3870967741935484	0.2734254992319508	1.913978494623656	1.0	cluster_consensus_marker_source_support	Naive B Cell:35; Memory B Cell:30; B Cell:16; CD8 Cytotoxic / T Effector Memory:4	B Cell:36; Naive B Cell:30; Memory B Cell:23; CD8 Cytotoxic / T Effector Memory:2	Blood Cell:92; CD4 Naive / T Central Memory:1	Memory B Cell:64; Naive B Cell:25; Blood Cell:4	B Cell:89; Blood Cell:4	B Cell:82; Naive B Cell:10; Classical Monocyte:1	Memory B Cell:61; Naive B Cell:31; not_available:1	2537.0	10440.0	8.676470756530762
infection_study_01	Myeloid/DC	Myeloid_lineage:26	88	Classical Monocyte	True	Classical Monocyte	2.332652747078135	1.3108735731168548	1.02177917396128	0.9193977132036996	0.2159090909090909	0.7012987012987013	4.909090909090909	1.0	cluster_consensus_marker_source_support	Classical Monocyte:88	Classical Monocyte:88	Classical Monocyte:88	Classical Monocyte:80; Blood Cell:4; Neutrophil:4	Monocyte:80; Blood Cell:4; Granulocyte:4	Classical Monocyte:88	not_available:88	2426.0	7765.5	4.688279151916504
infection_study_01	Myeloid/DC	Myeloid_lineage:27	85	Classical Monocyte	True	Classical Monocyte	1.4906540833506223	1.203699985128419	0.2869540982222034	0.3967118199694123	0.0	0.5966386554621849	4.176470588235294	1.0	cluster_consensus_marker_source_support	Classical Monocyte:52; Non-Classical Monocyte:29; Blood Cell:4	Classical Monocyte:85	Classical Monocyte:85	Classical Monocyte:48; Intermediate Monocyte:24; Blood Cell:13	Monocyte:72; Blood Cell:13	Classical Monocyte:85	not_available:85	2752.0	10211.0	6.669074058532715
infection_study_01	Myeloid/DC	Myeloid_lineage:28	83	Classical Monocyte	True	Classical Monocyte	1.919901122013569	1.498123465490289	0.4217776565232805	0.9452334134440318	0.0120481927710843	0.5576592082616176	3.903614457831325	1.0	cluster_consensus_marker_source_support	Classical Monocyte:79; CD4 Naive / T Central Memory:3; Treg:1	Classical Monocyte:81; Platelet:2	Classical Monocyte:81; Platelet:2	Neutrophil:83	Granulocyte:83	Classical Monocyte:83	not_available:83	581.0	1248.0	1.0917030572891235
infection_study_01	Myeloid/DC	Myeloid_lineage:29	82	Plasmacytoid DC	True	Plasmacytoid DC	2.510687137018222	1.0923893536002995	1.4182977834179225	0.9990987546427792	0.7317073170731707	0.5400696864111496	3.7804878048780486	1.0	cluster_consensus_marker_source_support	Plasmacytoid DC:78; Classical Monocyte:3; Conventional DC 1:1	Plasmacytoid DC:77; Classical Monocyte:3; Blood Cell:2	Plasmacytoid DC:77; Classical Monocyte:3; Blood Cell:2	Plasmacytoid DC:78; Blood Cell:4	DC:78; Blood Cell:4	Conventional DC 2:82	not_available:82	3117.5	12273.5	5.283995628356934
infection_study_01	Myeloid/DC	Myeloid_lineage:30	69	Classical Monocyte	True	Classical Monocyte	2.0412489465963355	0.7895101803010913	1.2517387662952442	0.8739895127812978	0.0144927536231884	0.6542443064182195	4.579710144927536	1.0	cluster_consensus_marker_source_support	Classical Monocyte:66; Non-Classical Monocyte:3	Classical Monocyte:65; Non-Classical Monocyte:3; RBC:1	Classical Monocyte:65; Non-Classical Monocyte:3; RBC:1	Classical Monocyte:53; Blood Cell:12; Non-Classical Monocyte:3; Neutrophil:1	Monocyte:56; Blood Cell:7; RBC:5; Granulocyte:1	Classical Monocyte:67; Non-Classical Monocyte:2	not_available:69	2443.0	9697.0	6.901615142822266
infection_study_01	T/NK	T_NK_lineage:37	68	NK Cell	True	NK Cell	1.2253114540550762	0.9128612554919282	0.312450198563148	0.8122041366251547	0.0441176470588235	0.2415966386554621	1.6911764705882353	1.0	cluster_consensus_marker_source_support	NK Cell:39; CD8 Cytotoxic / T Effector Memory:15; CD4 Naive / T Central Memory:6; Naive B Cell:2	NK Cell:26; CD8 Cytotoxic / T Effector Memory:19; CD4 Naive / T Central Memory:11; CD4 T Effector Memory:7	Blood Cell:53; CD4 T Effector Memory:12; Treg:2; NK Cell:1	NK Cell:21; CD8 Cytotoxic / T Effector Memory:18; Treg:12; Blood Cell:12	T Cell:37; NK Cell:21; Blood Cell:10	Classical Monocyte:23; CD4 T Effector Memory:18; B Cell:9; CD8 Cytotoxic / T Effector Memory:7	not_available:56; CD4 T Effector Memory:6; CD4 Naive / T Central Memory:5; Treg:1	2016.0	5775.5	9.243769645690918
infection_study_01	T/NK	T_NK_lineage:38	59	NK Cell	True	NK Cell	1.5360627090606205	1.0555692982228757	0.4804934108377447	0.8641213312941519	0.0508474576271186	0.37772397094431	2.6440677966101696	1.0	cluster_consensus_marker_source_support	CD8 Cytotoxic / T Effector Memory:32; NK Cell:23; Treg:4	NK Cell:42; CD8 Naive / T Central Memory:6; CD8 Cytotoxic / T Effector Memory:4; CD8 T Cell (ab):2	NK Cell:31; Blood Cell:25; CD8 T Cell (ab):2; CD4 T Cell (ab):1	Lymphoid Cell:49; Blood Cell:5; CD8 Cytotoxic / T Effector Memory:3; NK Cell:2	Lymphoid Cell:49; Blood Cell:5; T Cell:3; NK Cell:2	NK Cell:56; CD8 Cytotoxic / T Effector Memory:3	not_available:57; CD4 T Effector Memory:1; CD4 Naive / T Central Memory:1	2359.0	7117.0	7.307242393493652
infection_study_01	Artifact/Other	leiden:22	53	RBC	True	RBC	1.8229442801726905	0.0509673941016461	1.7719768860710443	0.9913516859660622	0.8113207547169812	0.1482479784366576	1.0377358490566038	1.0	cluster_consensus_marker_source_support	NK Cell:17; CD4 Naive / T Central Memory:7; CD8 Cytotoxic / T Effector Memory:7; Classical Monocyte:7	RBC:18; CD4 Naive / T Central Memory:8; CD8 Cytotoxic / T Effector Memory:7; NK Cell:6	Blood Cell:24; RBC:20; Lymphoid Cell:2; Platelet:2	Blood Cell:52; Platelet:1	Blood Cell:35; RBC:17; Platelet:1	Classical Monocyte:45; CD8 Cytotoxic / T Effector Memory:8	not_available:44; CD4 Naive / T Central Memory:7; CD4 T Effector Memory:1; Naive B Cell:1	792.0	2427.0	5.807200908660889
infection_study_01	Myeloid/DC	Myeloid_lineage:31	48	Classical Monocyte	True	Classical Monocyte	1.6518393598426917	1.0143775944942102	0.6374617653484813	0.6478770664918797	0.0	0.5625	3.9375	1.0	cluster_consensus_marker_source_support	Classical Monocyte:38; Non-Classical Monocyte:9; Conventional DC 2:1	Classical Monocyte:40; Non-Classical Monocyte:7; Conventional DC 2:1	Classical Monocyte:40; Non-Classical Monocyte:7; Blood Cell:1	Classical Monocyte:27; Blood Cell:10; Intermediate Monocyte:7; Non-Classical Monocyte:3	Monocyte:37; Blood Cell:10; DC:1	Classical Monocyte:44; Non-Classical Monocyte:3; Conventional DC 2:1	not_available:48	3784.5	16507.5	7.910853385925293
infection_study_01	Artifact/Other	leiden:40	46	Platelet	True	Platelet	2.038629482817816	0.0282253659602359	2.01040411685758	0.9735634695215206	0.4130434782608695	0.437888198757764	3.065217391304348	1.0	cluster_consensus_marker_source_support	CD8 Cytotoxic / T Effector Memory:10; NK Cell:9; CD4 Naive / T Central Memory:9; Platelet:6	Platelet:39; CD4 Naive / T Central Memory:7	Platelet:40; Blood Cell:6	Platelet:28; Blood Cell:18	Platelet:28; Blood Cell:18	CD8 Cytotoxic / T Effector Memory:22; Classical Monocyte:17; NK Cell:7	not_available:35; CD4 Naive / T Central Memory:5; CD4 T Effector Memory:4; Naive B Cell:1	1649.0	4809.5	6.739744663238525
infection_study_01	Artifact/Other	leiden:24	36	HSC	True	HSC	1.984318807633752	0.8930471023162742	1.0912717053174776	0.9896311266477316	0.5	0.365079365079365	2.555555555555556	1.0	cluster_consensus_marker_source_support	Blood Cell:16; HSC:13; Platelet:2; CD4 Naive / T Central Memory:2	HSC:25; CD4 Naive / T Central Memory:6; Platelet:3; RBC:1	HSC:25; Blood Cell:7; Platelet:3; RBC:1	Blood Cell:21; HSC:12; Lymphoid Cell:2; Platelet:1	HSC:17; Blood Cell:15; Lymphoid Cell:2; Platelet:1	NK Cell:36	not_available:27; CD4 Naive / T Central Memory:6; CD4 T Effector Memory:2; Naive B Cell:1	3131.0	13091.5	6.705412864685059
infection_study_01	Myeloid/DC	Myeloid_lineage:32	34	Myeloid Cell	False	Conventional DC 2	1.3738172502997266	1.3629301742545392	0.0108870760451873	0.998452406962348	0.2647058823529412	0.1386554621848739	0.9705882352941176	1.0	cluster_parent_insufficient_consensus	Conventional DC 1:33; Classical Monocyte:1	Conventional DC 1:33; Classical Monocyte:1	Conventional DC 1:33; Classical Monocyte:1	Conventional DC 1:32; Non-Classical Monocyte:1; Blood Cell:1	DC:32; Monocyte:1; Blood Cell:1	Conventional DC 2:33; Classical Monocyte:1	not_available:34	4084.0	25075.5	5.9026384353637695
infection_study_01	Artifact/Other	leiden:23	32	Blood Cell	False	RBC	1.179909933986704	1.0972785121258466	0.0826314218608572	0.912697545699512	0.4375	0.0044642857142857	0.03125	1.0	cluster_parent_insufficient_consensus	NK Cell:18; CD8 Cytotoxic / T Effector Memory:5; CD4 Naive / T Central Memory:3; Memory B Cell:2	CD8 Cytotoxic / T Effector Memory:18; NK Cell:9; CD4 Naive / T Central Memory:3; CD4 T Effector Memory:1	Blood Cell:31; Platelet:1	Blood Cell:32	Blood Cell:31; RBC:1	NK Cell:25; CD4 Naive / T Central Memory:4; CD8 Cytotoxic / T Effector Memory:2; Classical Monocyte:1	not_available:31; CD4 Naive / T Central Memory:1	609.0	1118.0	6.899133682250977
infection_study_01	B	B_lineage:27	32	Naive B Cell	True	Naive B Cell	1.688994467680015	0.7288111754424295	0.9601832922375856	0.9351922656762072	0.0625	0.4196428571428571	2.9375	1.0	cluster_consensus_marker_source_support	Naive B Cell:20; Memory B Cell:10; B Cell:2	Naive B Cell:20; Memory B Cell:7; B Cell:5	Blood Cell:32	Naive B Cell:19; Memory B Cell:13	B Cell:32	Naive B Cell:15; Blood Cell:11; B Cell:6	Naive B Cell:20; Memory B Cell:12	1667.0	7033.0	7.0496134757995605
infection_study_01	B	B_lineage:26	28	B Cell	False	Plasmablast	1.6460769909886612	1.569999230848118	0.0760777601405431	0.9973417813706212	0.5357142857142857	0.1683673469387755	1.1785714285714286	1.0	cluster_parent_insufficient_consensus	Plasmablast:26; Memory B Cell:1; Plasma Cell:1	CD4 Naive / T Central Memory:20; Plasmablast:6; Treg:2	Blood Cell:17; Treg:8; Plasma Cell:2; Plasmablast:1	Plasma Cell:26; Blood Cell:2	B Cell:26; Blood Cell:2	NK Cell:27; Plasma Cell:1	Memory B Cell:14; Naive B Cell:10; Plasma Cell:4	543.5	1081.0	7.681288719177246
infection_study_01	Artifact/Other	leiden:6	19	Blood Cell	False	RBC	1.3637649057645205	0.9995004854281212	0.3642644203363991	0.9538908309664264	0.631578947368421	0.0	0.0	1.0	cluster_parent_insufficient_consensus	NK Cell:15; CD8 Cytotoxic / T Effector Memory:4	NK Cell:10; Platelet:5; ydT Cell:3; CD8 Cytotoxic / T Effector Memory:1	Blood Cell:14; Platelet:5	Blood Cell:19	Blood Cell:19	NK Cell:19	not_available:19	1621.0	4360.0	8.555950164794922
infection_study_01	Artifact/Other	leiden:12	17	Blood Cell	False	RBC	1.7216585760369256	0.1088212803146165	1.6128372957223092	0.988584225475202	1.0	0.0168067226890756	0.1176470588235294	1.0	cluster_parent_insufficient_consensus	CD8 Cytotoxic / T Effector Memory:12; NK Cell:4; ydT Cell:1	NK Cell:17	Blood Cell:17	Blood Cell:17	Blood Cell:15; RBC:2	NK Cell:17	not_available:17	1798.0	4720.0	6.0905537605285645
infection_study_01	Artifact/Other	leiden:1	10	Blood Cell	False	Platelet	1.4096935765785448	0.354435765785449	1.0552578107930957	0.9663261961983832	0.2	0.1999999999999999	1.4	1.0	cluster_parent_insufficient_consensus	NK Cell:10	Platelet:6; NK Cell:4	Platelet:6; Blood Cell:4	Blood Cell:9; Platelet:1	Blood Cell:9; Platelet:1	NK Cell:10	not_available:10	1654.0	4464.5	8.74264907836914
infection_study_01	T/NK	leiden:24	9	T Cell	False	CD4 Naive / T Central Memory	0.9027903926117822	0.8012226418496902	0.101567750762092	0.466945233413444	0.0	0.2539682539682539	1.7777777777777777	1.0	cluster_parent_insufficient_consensus	Plasmablast:4; T Cell:2; Classical Monocyte:1; CD4 Naive / T Central Memory:1	CD4 Naive / T Central Memory:7; Lymphoid Cell:2	Treg:4; Blood Cell:3; Lymphoid Cell:2	Blood Cell:4; HSC:2; Lymphoid Cell:2; Plasma Cell:1	B Cell:3; HSC:2; Lymphoid Cell:2; Blood Cell:2	NK Cell:9	CD4 Naive / T Central Memory:8; CD4 T Effector Memory:1	467.0	829.0	5.147058963775635
infection_study_01	Artifact/Other	leiden:0	7	Blood Cell	False	Platelet	1.119371591765393	0.8705288866693718	0.2488427050960212	0.8582586847279877	0.1428571428571428	0.1224489795918367	0.8571428571428571	1.0	cluster_parent_insufficient_consensus	Blood Cell:4; Naive B Cell:2; Memory B Cell:1	Naive B Cell:3; Platelet:2; CD4 Naive / T Central Memory:1; B Cell:1	Blood Cell:5; Platelet:2	Blood Cell:6; Platelet:1	Blood Cell:6; Platelet:1	Naive B Cell:7	Naive B Cell:6; not_available:1	1414.0	3289.0	6.117098808288574
infection_study_01	Artifact/Other	leiden:2	6	Blood Cell	False	HSC	1.2476376447454665	0.6980495775981357	0.5495880671473308	0.9418196052727406	0.5	0.0	0.0	1.0	cluster_parent_insufficient_consensus	Blood Cell:4; CD8 Cytotoxic / T Effector Memory:1; CD4 T Effector Memory:1	Lymphoid Cell:3; CD8 Naive / T Central Memory:2; CD4 T Effector Memory:1	Blood Cell:3; Lymphoid Cell:3	Blood Cell:5; Lymphoid Cell:1	Blood Cell:5; Lymphoid Cell:1	CD4 T Effector Memory:6	not_available:4; CD4 Naive / T Central Memory:2	1343.0	4269.0	6.366483688354492
infection_study_01	Artifact/Other	leiden:5	5	Blood Cell	False	HSC	1.3106123006336028	0.8119281188551453	0.4986841817784575	0.9229025562595586	0.6	0.0	0.0	1.0	cluster_parent_insufficient_consensus	CD8 Cytotoxic / T Effector Memory:2; Blood Cell:2; NK Cell:1	CD4 T Effector Memory:2; CD8 Cytotoxic / T Effector Memory:2; CD4 Naive / T Central Memory:1	Blood Cell:5	Blood Cell:5	Blood Cell:5	CD4 T Effector Memory:3; CD4 Naive / T Central Memory:1; CD8 Cytotoxic / T Effector Memory:1	not_available:4; CD4 Naive / T Central Memory:1	1375.0	3768.0	9.295392990112305
infection_study_01	Artifact/Other	leiden:29	5	Blood Cell	False	HSC	1.3104894035394363	0.7662715752676426	0.5442178282717938	0.922766003932707	0.6	0.0	0.0	1.0	cluster_parent_insufficient_consensus	Conventional DC 2:5	Conventional DC 2:3; Blood Cell:2	Blood Cell:5	Blood Cell:5	Blood Cell:5	Conventional DC 2:5	not_available:5	3703.0	19081.0	6.953033924102783
infection_study_01	Artifact/Other	leiden:15	4	RBC	True	RBC	2.376457598551765	0.0041211492243827	2.372336449327382	0.9976512999781516	1.0	0.3571428571428571	2.5	1.0	cluster_consensus_marker_source_support	Classical Monocyte:3; Blood Cell:1	RBC:4	RBC:4	Blood Cell:3; Classical Monocyte:1	RBC:2; Monocyte:1; Blood Cell:1	Classical Monocyte:4	not_available:4	1377.5	6217.5	6.12357234954834
infection_study_01	Artifact/Other	leiden:33	4	Blood Cell	False	Platelet	0.774227503979525	0.1345805112519117	0.6396469927276133	0.4872369091835992	0.25	0.0714285714285714	0.5	1.0	cluster_parent_insufficient_consensus	Memory B Cell:1; NK Cell:1; Naive B Cell:1; CD8 Cytotoxic / T Effector Memory:1	CD8 Cytotoxic / T Effector Memory:2; B Cell:1; Platelet:1	Blood Cell:3; Platelet:1	Blood Cell:4	Blood Cell:4	B Cell:4	not_available:3; Naive B Cell:1	2528.0	8016.5	7.3144211769104
infection_study_01	Artifact/Other	leiden:7	3	Platelet	True	Platelet	1.4941438559255906	0.7155687859587794	0.7785750699668113	0.9617471415046246	0.3333333333333333	0.1904761904761904	1.3333333333333333	1.0	cluster_consensus_marker_source_support	Classical Monocyte:1; Blood Cell:1; CD4 Naive / T Central Memory:1	CD4 Naive / T Central Memory:1; CD8 Naive / T Central Memory:1; Platelet:1	Blood Cell:2; Platelet:1	Blood Cell:2; Platelet:1	Blood Cell:2; Platelet:1	CD4 Naive / T Central Memory:3	CD4 Naive / T Central Memory:2; not_available:1	1690.0	5359.0	10.216717720031738
infection_study_01	Artifact/Other	leiden:19	3	Platelet	True	Platelet	1.729561888115526	0.062087611972908	1.667474276142618	0.9270264365304784	0.6666666666666666	0.1904761904761904	1.3333333333333333	1.0	cluster_consensus_marker_source_support	Blood Cell:2; CD8 Cytotoxic / T Effector Memory:1	Platelet:2; CD8 Cytotoxic / T Effector Memory:1	Platelet:2; Blood Cell:1	Blood Cell:2; CD8 Cytotoxic / T Effector Memory:1	Blood Cell:2; T Cell:1	CD8 Cytotoxic / T Effector Memory:3	not_available:3	2820.0	10037.0	6.9568047523498535
infection_study_01	Artifact/Other	leiden:8	3	Blood Cell	False	HSC	1.157334680649625	1.134337578159951	0.022997102489674	0.9896311266477316	0.3333333333333333	0.0	0.0	1.0	cluster_parent_insufficient_consensus	Memory B Cell:1; Naive B Cell:1; B Cell:1	CD4 Naive / T Central Memory:2; Platelet:1	Blood Cell:2; Platelet:1	Blood Cell:2; Platelet:1	Blood Cell:2; Platelet:1	B Cell:3	Memory B Cell:2; not_available:1	869.0	1712.0	8.36511516571045
infection_study_01	Artifact/Other	leiden:26	2	Platelet	True	Platelet	2.4977258185336617	0.068543805986454	2.429182012547208	0.9736636078945452	0.5	0.6428571428571428	4.5	1.0	cluster_consensus_marker_source_support	Classical Monocyte:1; Platelet:1	Platelet:2	Platelet:2	Platelet:2	Platelet:2	Classical Monocyte:2	not_available:2	3449.5	15960.0	10.62393569946289
infection_study_01	Artifact/Other	leiden:28	2	Blood Cell	False	RBC	1.685997924404632	0.3856101157963731	1.3003878086082588	0.9844421382273688	1.0	0.0	0.0	1.0	cluster_parent_insufficient_consensus	Blood Cell:2	Classical Monocyte:2	Classical Monocyte:2	Blood Cell:2	Blood Cell:2	Classical Monocyte:2	not_available:2	3252.0	13545.5	6.447470188140869
infection_study_01	Artifact/Other	leiden:21	2	Blood Cell	False	RBC	1.01338349355473	0.3896616233340616	0.6237218702206685	0.6815372150608113	0.5	0.0	0.0	1.0	cluster_parent_insufficient_consensus	NK Cell:1; Memory B Cell:1	NK Cell:1; ydT Cell:1	Blood Cell:2	Blood Cell:2	Blood Cell:2	MAIT Cell:2	not_available:2	1045.0	2351.0	7.7844438552856445
infection_study_01	Artifact/Other	leiden:32	2	Blood Cell	False	RBC	1.6168314398077344	0.0822755079746559	1.5345559318330784	0.9075904886752604	1.0	0.0	0.0	1.0	cluster_parent_insufficient_consensus	CD8 Cytotoxic / T Effector Memory:1; NK Cell:1	NK Cell:2	Blood Cell:2	Blood Cell:2	Blood Cell:2	NK Cell:2	not_available:2	2441.5	7631.0	8.573758125305176
infection_study_01	B	leiden:33	2	Plasmablast	True	Plasmablast	1.2371750054620931	1.1079399325821655	0.1292350728799276	0.9301944505134369	0.5	0.0	0.0	1.0	cluster_consensus_marker_source_support	MAIT Cell:1; NK Cell:1	B Cell:2	Blood Cell:2	Blood Cell:1; Naive B Cell:1	Blood Cell:1; B Cell:1	B Cell:2	Memory B Cell:1; Naive B Cell:1	2924.5	10619.5	7.529469490051269
infection_study_01	Artifact/Other	leiden:37	2	Blood Cell	False	RBC	0.5194778239021193	0.351076032335591	0.1684017915665283	0.5771975821134658	0.0	0.0	0.0	1.0	cluster_parent_insufficient_consensus	CD8 Cytotoxic / T Effector Memory:1; Classical Monocyte:1	CD8 Cytotoxic / T Effector Memory:1; CD4 Naive / T Central Memory:1	Blood Cell:2	Blood Cell:2	Blood Cell:2	Classical Monocyte:2	not_available:2	2190.0	6368.0	6.758722305297852
infection_study_01	Artifact/Other	leiden:27	1	Blood Cell	False	HSC	1.6906680139829584	0.8209362027528949	0.8697318112300635	0.9896311266477316	1.0	0.0	0.0	1.0	cluster_parent_insufficient_consensus	Blood Cell:1	Classical Monocyte:1	Classical Monocyte:1	Blood Cell:1	Blood Cell:1	Classical Monocyte:1	not_available:1	417.0	615.0	1.9512195587158203
infection_study_01	B	leiden:22	1	B Cell	False	Naive B Cell	0.8304238584225476	0.6221667342925808	0.2082571241299667	0.9226931760250529	0.0	0.0	0.0	1.0	cluster_parent_insufficient_consensus	Blood Cell:1	B Cell:1	Blood Cell:1	Memory B Cell:1	B Cell:1	Classical Monocyte:1	Memory B Cell:1	753.0	1449.0	6.694272041320801
infection_study_01	T/NK	leiden:22	1	Treg	True	Treg	2.780405131246294	0.8399934454883111	1.9404116857579827	0.9941009394800088	1.0	0.5714285714285714	4.0	1.0	cluster_consensus_marker_source_support	Classical Monocyte:1	Treg:1	Treg:1	Treg:1	T Cell:1	Classical Monocyte:1	Treg:1	634.0	1091.0	11.457378387451172
infection_study_01	T/NK	leiden:23	1	CD4 Naive / T Central Memory	True	CD4 Naive / T Central Memory	1.234536424357814	0.801567620712257	0.4329688036455569	0.466945233413444	0.0	0.4285714285714285	3.0	1.0	cluster_consensus_marker_source_support	T Cell:1	CD4 Naive / T Central Memory:1	Blood Cell:1	Blood Cell:1	Blood Cell:1	CD4 Naive / T Central Memory:1	CD4 Naive / T Central Memory:1	495.0	805.0	14.534161567687988
infection_study_01	T/NK	leiden:16	1	CD4 Naive / T Central Memory	True	CD4 Naive / T Central Memory	1.234536424357814	0.9520162926433408	0.282520131714473	0.466945233413444	0.0	0.4285714285714285	3.0	1.0	cluster_consensus_marker_source_support	CD4 Naive / T Central Memory:1	CD4 Naive / T Central Memory:1	Treg:1	Platelet:1	Platelet:1	Platelet:1	CD4 Naive / T Central Memory:1	544.0	1548.0	1.550387620925903
infection_study_01	B	leiden:8	1	Memory B Cell	True	Memory B Cell	1.9695441493180188	0.7939807734323794	1.1755633758856394	0.9979061976549414	1.0	0.1428571428571428	1.0	1.0	cluster_consensus_marker_source_support	CD8 Cytotoxic / T Effector Memory:1	B Cell:1	Blood Cell:1	Blood Cell:1	Blood Cell:1	B Cell:1	Memory B Cell:1	4150.0	19223.0	9.374187469482422
infection_study_01	Artifact/Other	leiden:11	1	Platelet	True	Platelet	2.770114547894753	0.0181559973781953	2.751958550516558	0.9826669579782972	1.0	0.5714285714285714	4.0	1.0	cluster_consensus_marker_source_support	Classical Monocyte:1	Platelet:1	Platelet:1	Platelet:1	Platelet:1	Classical Monocyte:1	not_available:1	1334.0	3387.0	8.503100395202637
infection_study_01	Artifact/Other	leiden:3	1	Platelet	True	Platelet	2.2105270139517463	0.015403102468866	2.1951239114828804	0.9640776345495594	1.0	0.2857142857142857	2.0	1.0	cluster_consensus_marker_source_support	NK Cell:1	Platelet:1	Platelet:1	Blood Cell:1	Blood Cell:1	CD8 Cytotoxic / T Effector Memory:1	not_available:1	1617.0	5704.0	11.220196723937988
infection_study_01	Artifact/Other	leiden:35	1	Blood Cell	False	RBC	1.6937404413371204	0.0300196635350666	1.6637207778020535	0.9930449348190228	1.0	0.0	0.0	1.0	cluster_parent_insufficient_consensus	CD4 T Effector Memory:1	CD4 Naive / T Central Memory:1	Blood Cell:1	Blood Cell:1	Blood Cell:1	Classical Monocyte:1	not_available:1	2134.0	7908.0	11.621143341064451
