study	lineage	cluster	candidate_label	rank_within_cluster	n_cells	marker_pct	marker_decision_score	marker_base_score	negative_marker_penalty	confound_marker_penalty	marker_penalty	marker_discriminative_score	marker_gate_score	key_marker_bonus	marker_any_fraction	marker_mean_positive_fraction	key_marker_any_fraction	key_marker_two_fraction	key_marker_max_fraction	key_marker_enrichment	negative_marker_any_fraction	negative_marker_mean_positive_fraction	confound_marker_any_fraction	confound_marker_mean_positive_fraction	available_negative_markers	available_confound_markers	available_policy_required_markers	policy_required_any_fraction	policy_required_mean_positive_fraction	ref_fraction	raw_fraction	screfmapping_fraction	total_score
infection_study_07	T_NK_lineage	0	CD8 Naive / T Central Memory	1	189	0.9573531643648505	0.9573531643648505	1.0	0.04373015873015873	0.0	0.04373015873015873	0.9562698412698413	0.9562698412698413	0.0	1.0	0.8483245149911817	0.9523809523809523	0.7037037037037037	0.8571428571428571	2.0829656280600424	0.10052910052910052	0.02513227513227513	0.0	0.0	NKG7;GNLY;GZMB;PRF1	CD4		0.0	0.0	0.0	0.0	0.0	0.9562698412698413
infection_study_07	T_NK_lineage	0	CD4 Naive / T Central Memory	2	189	0.9546213385946274	0.9546213385946274	1.0	0.15216931216931215	0.4	0.5521693121693122	0.4478306878306878	0.4478306878306878	0.0	1.0	0.7380952380952381	0.9523809523809523	0.7037037037037037	0.8571428571428571	1.743839740653907	0.3544973544973545	0.07936507936507936	0.8888888888888888	0.8888888888888888	NKG7;GNLY;GZMB;PRF1;FOXP3	CD8B		0.0	0.0	0.0	0.0	0.0	0.4478306878306878
infection_study_07	T_NK_lineage	0	Treg	3	189	0.4653209895280012	0.4656084656084656	0.49510276944666726	0.014391534391534391	0.4099206349206349	0.4243121693121693	0.07079060013449795	0.07079060013449795	0.0	0.6243386243386243	0.11942554799697658	0.4656084656084656	0.031746031746031744	0.2962962962962963	1.1179772153528067	0.031746031746031744	0.010582010582010581	0.9523809523809523	0.828042328042328	NKG7;GNLY;GZMB	CCR7;TCF7		0.0	0.0	0.0	0.0	0.0	0.07079060013449795
infection_study_07	T_NK_lineage	0	NK Cell	4	189	0.07102747002580058	0.07102747002580058	0.026455026455026454	0.2057495590828924	0.4	0.6	0.0	0.0	0.0	0.13756613756613756	0.01917989417989418	0.026455026455026454	0.0	0.015873015873015872	0.05720339129388501	0.4444444444444444	0.16754850088183418	0.8888888888888888	0.8888888888888888	TRAC;MS4A1;LST1	CD8B		0.0	0.0	0.0	0.0	0.0	0.0
infection_study_07	T_NK_lineage	0	CD4 T Effector Memory	5	189	0.10699650933373805	0.16780045351473924	0.031746031746031744	0.5	0.033928571428571426	0.5339285714285714	0.0	0.0	0.0	0.91005291005291	0.16780045351473924	0.031746031746031744	0.0	0.021164021164021163	0.056933727100062205	0.9947089947089947	0.6772486772486772	0.10052910052910052	0.02513227513227513	CCR7;TCF7;LEF1;FOXP3	NKG7;GNLY;GZMB;PRF1		0.0	0.0	0.0	0.0	0.0	0.0
infection_study_07	T_NK_lineage	0	CD8 Cytotoxic / T Effector Memory	6	189	0.11579905903779025	0.12896825396825395	0.010582010582010581	0.5	0.005952380952380952	0.5059523809523809	0.0	0.0	0.0	0.8994708994708994	0.12896825396825395	0.010582010582010581	0.0	0.010582010582010581	0.03385798297433928	0.9894179894179894	0.6044973544973544	0.015873015873015872	0.007936507936507936	CCR7;TCF7;LEF1;MS4A1	KLRD1;FCGR3A		0.0	0.0	0.0	0.0	0.0	0.0
infection_study_07	T_NK_lineage	0	gdT Cell	7	189	0.3152223402640765	0.3152223402640765	0.042328042328042326	0.06222222222222222	0.003968253968253968	0.06619047619047619	0.0	0.0	0.0	0.042328042328042326	0.011904761904761904	0.042328042328042326	0.005291005291005291	0.026455026455026454	0.11285176407241405	0.12698412698412698	0.06349206349206349	0.010582010582010581	0.005291005291005291	MS4A1;LST1	NKG7;GNLY		0.0	0.0	0.0	0.0	0.0	0.0
infection_study_07	T_NK_lineage	0	MAIT Cell	8	189	0.6339353467901048	0.6339353467901048	0.005291005291005291	0.06222222222222222	0.01111111111111111	0.07333333333333333	0.0	0.0	0.0	0.9417989417989417	0.308994708994709	0.005291005291005291	0.0	0.005291005291005291	0.05416121356242764	0.12698412698412698	0.06349206349206349	0.031746031746031744	0.010582010582010581	MS4A1;LST1	NKG7;GNLY;GZMB		0.0	0.0	0.0	0.0	0.0	0.0
infection_study_07	T_NK_lineage	0	NKT Cell	9	189	0.10107755349825466	0.10582010582010581	0.10582010582010581	0.06222222222222222	0.4	0.46222222222222226	0.0	0.0	0.0	0.4708994708994709	0.10158730158730159	0.10582010582010581	0.0	0.10582010582010581	0.16416566495574064	0.12698412698412698	0.06349206349206349	0.8888888888888888	0.8888888888888888	MS4A1;LST1	CD8B		0.0	0.0	0.0	0.0	0.0	0.0
infection_study_07	T_NK_lineage	1	CD8 Naive / T Central Memory	1	163	0.8861739262407042	0.8861739262407042	1.0	0.037361963190184054	0.25122699386503067	0.2885889570552147	0.7114110429447853	0.7114110429447853	0.0	1.0	0.7004089979550102	0.8159509202453987	0.3312883435582822	0.6748466257668712	1.7876781258807652	0.08588957055214724	0.02147239263803681	0.558282208588957	0.558282208588957	NKG7;GNLY;GZMB;PRF1	CD4		0.0	0.0	0.0	0.0	0.0	0.7114110429447853
infection_study_07	T_NK_lineage	1	Treg	2	163	0.5096372742449538	0.7423312883435583	0.9344434980626812	0.01112474437627812	0.3308282208588957	0.3419529652351738	0.5924905328275074	0.5924905328275074	0.0	0.8834355828220859	0.27607361963190186	0.7423312883435583	0.24539877300613497	0.5398773006134969	1.7684488388764918	0.024539877300613498	0.0081799591002045	0.8159509202453987	0.5736196319018405	NKG7;GNLY;GZMB	CCR7;TCF7		0.0	0.0	0.0	0.0	0.0	0.5924905328275074
infection_study_07	T_NK_lineage	1	CD4 Naive / T Central Memory	3	163	0.9169828502048869	0.9169828502048869	1.0	0.09158282208588957	0.3588957055214724	0.45047852760736196	0.549521472392638	0.549521472392638	0.0	1.0	0.7039877300613497	0.9079754601226994	0.5950920245398773	0.6748466257668712	1.6633767369840378	0.2147239263803681	0.04539877300613497	0.7975460122699386	0.7975460122699386	NKG7;GNLY;GZMB;PRF1;FOXP3	CD8B		0.0	0.0	0.0	0.0	0.0	0.549521472392638
infection_study_07	T_NK_lineage	1	NKT Cell	4	163	0.22234026407649113	0.754601226993865	0.77554138018796	0.2225153374233129	0.3588957055214724	0.5814110429447853	0.19413033724317474	0.19413033724317474	0.0	0.8711656441717791	0.27361963190184047	0.754601226993865	0.0	0.754601226993865	1.08376061277638	0.44171779141104295	0.24846625766871167	0.7975460122699386	0.7975460122699386	MS4A1;LST1	CD8B		0.0	0.0	0.0	0.0	0.0	0.19413033724317474
infection_study_07	T_NK_lineage	1	CD4 T Effector Memory	5	163	0.3766884200940962	0.588957055214724	0.588957055214724	0.45598159509202457	0.028987730061349692	0.48496932515337426	0.1039877300613497	0.1039877300613497	0.0	0.9754601226993865	0.35845749342681854	0.588957055214724	0.03680981595092025	0.558282208588957	0.8168646479672529	0.9202453987730062	0.4831288343558282	0.08588957055214724	0.02147239263803681	CCR7;TCF7;LEF1;FOXP3	NKG7;GNLY;GZMB;PRF1		0.0	0.0	0.0	0.0	0.0	0.1039877300613497
infection_study_07	T_NK_lineage	1	NK Cell	6	163	0.14463499772347851	0.14463499772347851	0.10429447852760736	0.3558691206543967	0.3588957055214724	0.6	0.0	0.0	0.0	0.18404907975460122	0.023006134969325152	0.10429447852760736	0.0	0.09815950920245399	0.1793451387564085	0.7423312883435583	0.33537832310838445	0.7975460122699386	0.7975460122699386	TRAC;MS4A1;LST1	CD8B		0.0	0.0	0.0	0.0	0.0	0.0
infection_study_07	T_NK_lineage	1	CD8 Cytotoxic / T Effector Memory	7	163	0.1308241007740173	0.1308241007740173	0.006134969325153374	0.4707975460122699	0.03680981595092025	0.5076073619631901	0.0	0.0	0.0	0.8282208588957055	0.1165644171779141	0.006134969325153374	0.0	0.006134969325153374	0.02654247574724372	0.9263803680981595	0.5398773006134969	0.09815950920245399	0.049079754601226995	CCR7;TCF7;LEF1;MS4A1	KLRD1;FCGR3A		0.0	0.0	0.0	0.0	0.0	0.0
infection_study_07	T_NK_lineage	1	gdT Cell	8	163	0.30566095006829563	0.30566095006829563	0.0736196319018405	0.2225153374233129	0.0023006134969325155	0.2248159509202454	0.0	0.0	0.0	0.0736196319018405	0.018404907975460124	0.0736196319018405	0.0	0.04294478527607362	0.18033586871167112	0.44171779141104295	0.24846625766871167	0.006134969325153374	0.003067484662576687	MS4A1;LST1	NKG7;GNLY		0.0	0.0	0.0	0.0	0.0	0.0
infection_study_07	T_NK_lineage	1	MAIT Cell	9	163	0.6691455456063136	0.6691455456063136	0.17177914110429449	0.2225153374233129	0.008588957055214725	0.23110429447852762	0.0	0.0	0.0	0.9631901840490797	0.29938650306748466	0.17177914110429449	0.03067484662576687	0.12883435582822086	0.6438673386854271	0.44171779141104295	0.24846625766871167	0.024539877300613498	0.0081799591002045	MS4A1;LST1	NKG7;GNLY;GZMB		0.0	0.0	0.0	0.0	0.0	0.0
infection_study_07	T_NK_lineage	10	NKT Cell	1	91	0.8905752010927304	1.0	1.0	0.03769230769230769	0.360989010989011	0.3986813186813187	0.6013186813186813	0.6013186813186813	0.0	1.0	0.6967032967032967	1.0	0.08791208791208792	1.0	1.431593594490696	0.07692307692307693	0.038461538461538464	0.8021978021978022	0.8021978021978022	MS4A1;LST1	CD8B		0.0	0.0	0.0	0.0	0.0	0.6013186813186813
infection_study_07	T_NK_lineage	10	CD8 Cytotoxic / T Effector Memory	2	91	0.8948247078464107	1.0	1.0	0.05857142857142858	0.40302197802197803	0.46159340659340664	0.5384065934065934	0.5384065934065934	0.0	1.0	0.9203296703296703	1.0	0.9230769230769231	1.0	1.6614782442086438	0.13186813186813187	0.038461538461538464	0.9560439560439561	0.7747252747252747	CCR7;TCF7;LEF1;MS4A1	KLRD1;FCGR3A		0.0	0.0	0.0	0.0	0.0	0.5384065934065934
infection_study_07	T_NK_lineage	10	CD4 T Effector Memory	3	91	0.5833965700409773	0.989010989010989	1.0	0.06752747252747253	0.4372252747252747	0.5047527472527472	0.4952472527472528	0.4952472527472528	0.0	1.0	0.42700156985871274	0.989010989010989	0.3076923076923077	0.989010989010989	1.3624628890318777	0.15384615384615385	0.04120879120879121	1.0	0.9148351648351649	CCR7;TCF7;LEF1;FOXP3	NKG7;GNLY;GZMB;PRF1		0.0	0.0	0.0	0.0	0.0	0.4952472527472528
infection_study_07	T_NK_lineage	10	NK Cell	4	91	0.8814691151919867	1.0	1.0	0.26468864468864467	0.360989010989011	0.6	0.4	0.4	0.0	1.0	0.7912087912087913	1.0	0.989010989010989	1.0	1.5848411268635283	0.5714285714285714	0.2161172161172161	0.8021978021978022	0.8021978021978022	TRAC;MS4A1;LST1	CD8B		0.0	0.0	0.0	0.0	0.0	0.4
infection_study_07	T_NK_lineage	10	gdT Cell	5	91	0.7020792229473365	0.7252747252747253	0.871701985561536	0.03769230769230769	0.4442307692307692	0.4819230769230769	0.3897789086384591	0.3897789086384591	0.0	0.7692307692307693	0.33791208791208793	0.7252747252747253	0.2857142857142857	0.4065934065934066	1.5857090411472432	0.07692307692307693	0.038461538461538464	1.0	0.9615384615384616	MS4A1;LST1	NKG7;GNLY		0.0	0.0	0.0	0.0	0.0	0.3897789086384591
infection_study_07	T_NK_lineage	10	CD8 Naive / T Central Memory	6	91	0.42828957353164365	0.42828957353164365	0.07692307692307693	0.5	0.10879120879120878	0.6	0.0	0.0	0.0	0.9340659340659341	0.25457875457875456	0.07692307692307693	0.0	0.07692307692307693	0.18813525046193738	1.0	0.9148351648351649	0.24175824175824176	0.24175824175824176	NKG7;GNLY;GZMB;PRF1	CD4		0.0	0.0	0.0	0.0	0.0	0.0
infection_study_07	T_NK_lineage	10	Treg	7	91	0.4850508423129458	0.4850508423129458	0.4711942295478793	0.5	0.028846153846153848	0.5288461538461539	0.0	0.0	0.0	0.6483516483516484	0.16169544740973313	0.45054945054945056	0.02197802197802198	0.4065934065934066	1.082579115993715	1.0	0.9450549450549451	0.07692307692307693	0.038461538461538464	NKG7;GNLY;GZMB	CCR7;TCF7		0.0	0.0	0.0	0.0	0.0	0.0
infection_study_07	T_NK_lineage	10	CD4 Naive / T Central Memory	8	91	0.3442100470481105	0.3442100470481105	0.3076923076923077	0.5	0.360989010989011	0.6	0.0	0.0	0.0	0.6923076923076923	0.13186813186813187	0.3076923076923077	0.01098901098901099	0.24175824175824176	0.5756602622727263	1.0	0.7428571428571429	0.8021978021978022	0.8021978021978022	NKG7;GNLY;GZMB;PRF1;FOXP3	CD8B		0.0	0.0	0.0	0.0	0.0	0.0
infection_study_07	T_NK_lineage	10	MAIT Cell	9	91	0.46592806192138414	0.46592806192138414	0.23076923076923078	0.03769230769230769	0.44175824175824174	0.47945054945054943	0.0	0.0	0.0	0.6703296703296703	0.19340659340659344	0.23076923076923078	0.0	0.23076923076923078	0.852812060344033	0.07692307692307693	0.038461538461538464	1.0	0.9450549450549451	MS4A1;LST1	NKG7;GNLY;GZMB		0.0	0.0	0.0	0.0	0.0	0.0
infection_study_07	T_NK_lineage	11	NKT Cell	1	84	0.9073455759599331	1.0	1.0	0.029166666666666667	0.2892857142857143	0.318452380952381	0.6815476190476191	0.6815476190476191	0.0	1.0	0.6714285714285714	1.0	0.023809523809523808	1.0	1.431593594490696	0.05952380952380952	0.02976190476190476	0.6428571428571429	0.6428571428571429	MS4A1;LST1	CD8B		0.0	0.0	0.0	0.0	0.0	0.6815476190476191
infection_study_07	T_NK_lineage	11	CD8 Cytotoxic / T Effector Memory	2	84	0.8358628016390954	1.0	1.0	0.05178571428571428	0.3964285714285714	0.4482142857142857	0.5517857142857143	0.5517857142857143	0.0	1.0	0.8303571428571428	1.0	0.7023809523809523	1.0	1.6614782442086438	0.11904761904761904	0.02976190476190476	0.9404761904761905	0.7619047619047619	CCR7;TCF7;LEF1;MS4A1	KLRD1;FCGR3A		0.0	0.0	0.0	0.0	0.0	0.5517857142857143
infection_study_07	T_NK_lineage	11	gdT Cell	3	84	0.8264531795416603	0.8571428571428571	1.0	0.029166666666666667	0.4276785714285714	0.4568452380952381	0.5431547619047619	0.5431547619047619	0.0	0.8571428571428571	0.43750000000000006	0.8571428571428571	0.6071428571428571	0.7976190476190477	1.8700986464942304	0.05952380952380952	0.02976190476190476	1.0	0.8511904761904762	MS4A1;LST1	NKG7;GNLY		0.0	0.0	0.0	0.0	0.0	0.5431547619047619
infection_study_07	T_NK_lineage	11	CD4 T Effector Memory	4	84	0.4226741538928517	1.0	1.0	0.09583333333333333	0.4200892857142857	0.515922619047619	0.48407738095238095	0.48407738095238095	0.0	1.0	0.3452380952380953	1.0	0.19047619047619047	0.9880952380952381	1.377449830941809	0.21428571428571427	0.06547619047619047	1.0	0.800595238095238	CCR7;TCF7;LEF1;FOXP3	NKG7;GNLY;GZMB;PRF1		0.0	0.0	0.0	0.0	0.0	0.48407738095238095
infection_study_07	T_NK_lineage	11	NK Cell	5	84	0.8702382759144028	1.0	1.0	0.392063492063492	0.2892857142857143	0.6	0.4	0.4	0.0	1.0	0.7708333333333334	1.0	0.9880952380952381	1.0	1.5848411268635283	0.8571428571428571	0.30158730158730157	0.6428571428571429	0.6428571428571429	TRAC;MS4A1;LST1	CD8B		0.0	0.0	0.0	0.0	0.0	0.4
infection_study_07	T_NK_lineage	11	MAIT Cell	6	84	0.33184094703293365	0.4523809523809524	0.6118228600989932	0.029166666666666667	0.4208333333333333	0.44999999999999996	0.16182286009899327	0.16182286009899327	0.0	0.6785714285714286	0.18095238095238092	0.4523809523809524	0.0	0.44047619047619047	1.6377676308721631	0.05952380952380952	0.02976190476190476	1.0	0.8055555555555555	MS4A1;LST1	NKG7;GNLY;GZMB		0.0	0.0	0.0	0.0	0.0	0.16182286009899327
infection_study_07	T_NK_lineage	11	CD8 Naive / T Central Memory	7	84	0.22461678555167702	0.22461678555167702	0.11904761904761904	0.5	0.026785714285714284	0.5267857142857143	0.0	0.0	0.0	0.8095238095238095	0.1984126984126984	0.11904761904761904	0.0	0.11904761904761904	0.2793090970827667	1.0	0.800595238095238	0.05952380952380952	0.05952380952380952	NKG7;GNLY;GZMB;PRF1	CD4		0.0	0.0	0.0	0.0	0.0	0.0
infection_study_07	T_NK_lineage	11	CD4 Naive / T Central Memory	8	84	0.21960843830626803	0.21960843830626803	0.17857142857142858	0.5	0.2892857142857143	0.6	0.0	0.0	0.0	0.5238095238095238	0.09672619047619048	0.17857142857142858	0.0	0.11904761904761904	0.34169249742649543	1.0	0.669047619047619	0.6428571428571429	0.6428571428571429	NKG7;GNLY;GZMB;PRF1;FOXP3	CD8B		0.0	0.0	0.0	0.0	0.0	0.0
infection_study_07	T_NK_lineage	11	Treg	9	84	0.8178023979359539	0.8178023979359539	0.27380952380952384	0.5	0.04464285714285714	0.5446428571428571	0.0	0.0	0.0	0.8928571428571429	0.24319727891156465	0.27380952380952384	0.011904761904761904	0.14285714285714285	0.6671298012184288	1.0	0.8055555555555555	0.11904761904761904	0.05952380952380952	NKG7;GNLY;GZMB	CCR7;TCF7		0.0	0.0	0.0	0.0	0.0	0.0
infection_study_07	T_NK_lineage	12	CD8 Cytotoxic / T Effector Memory	1	65	0.4779177416906966	0.8153846153846154	0.9509836549954065	0.2050769230769231	0.19384615384615386	0.39892307692307694	0.5520605780723296	0.5520605780723296	0.0	0.9846153846153847	0.6269230769230769	0.8153846153846154	0.4307692307692308	0.7384615384615385	1.3577807738277798	0.4461538461538462	0.16153846153846155	0.49230769230769234	0.3076923076923077	CCR7;TCF7;LEF1;MS4A1	KLRD1;FCGR3A		0.0	0.0	0.0	0.0	0.0	0.5520605780723296
infection_study_07	T_NK_lineage	12	CD4 T Effector Memory	2	65	0.8140840795264835	0.9846153846153847	1.0	0.14561538461538462	0.3305769230769231	0.4761923076923077	0.5238076923076923	0.5238076923076923	0.0	1.0	0.5186813186813187	0.9846153846153847	0.4307692307692308	0.9538461538461539	1.356468112267905	0.3230769230769231	0.10384615384615385	0.8307692307692308	0.5423076923076924	CCR7;TCF7;LEF1;FOXP3	NKG7;GNLY;GZMB;PRF1		0.0	0.0	0.0	0.0	0.0	0.5238076923076923
infection_study_07	T_NK_lineage	12	NK Cell	3	65	0.4812566398543026	0.8307692307692308	1.0	0.3305641025641026	0.2561538461538461	0.5867179487179488	0.4132820512820512	0.4132820512820512	0.0	0.8461538461538461	0.4307692307692308	0.8307692307692308	0.6153846153846154	0.7384615384615385	1.3192927278460294	0.676923076923077	0.3333333333333333	0.5692307692307692	0.5692307692307692	TRAC;MS4A1;LST1	CD8B		0.0	0.0	0.0	0.0	0.0	0.4132820512820512
infection_study_07	T_NK_lineage	12	NKT Cell	4	65	0.5984216117772044	0.7692307692307693	0.795354971671568	0.2103076923076923	0.2561538461538461	0.4664615384615384	0.32889343321002956	0.32889343321002956	0.0	0.9230769230769231	0.47384615384615386	0.7692307692307693	0.1076923076923077	0.7384615384615385	1.1044968097631949	0.4153846153846154	0.23846153846153847	0.5692307692307692	0.5692307692307692	MS4A1;LST1	CD8B		0.0	0.0	0.0	0.0	0.0	0.32889343321002956
infection_study_07	T_NK_lineage	12	MAIT Cell	5	65	0.8805585066019123	0.8805585066019123	0.85	0.2103076923076923	0.33307692307692305	0.5433846153846154	0.3066153846153846	0.3066153846153846	0.0	0.8307692307692308	0.316923076923077	0.6	0.03076923076923077	0.5230769230769231	2.1606388621495785	0.4153846153846154	0.23846153846153847	0.8307692307692308	0.558974358974359	MS4A1;LST1	NKG7;GNLY;GZMB		0.0	0.0	0.0	0.0	0.0	0.3066153846153846
infection_study_07	T_NK_lineage	12	CD8 Naive / T Central Memory	6	65	0.4492335711033541	0.4492335711033541	0.2923076923076923	0.43500000000000005	0.03461538461538462	0.46961538461538466	0.0	0.0	0.0	0.8923076923076924	0.2871794871794872	0.2923076923076923	0.03076923076923077	0.26153846153846155	0.6543110923145257	0.8307692307692308	0.5423076923076924	0.07692307692307693	0.07692307692307693	NKG7;GNLY;GZMB;PRF1	CD4		0.0	0.0	0.0	0.0	0.0	0.0
infection_study_07	T_NK_lineage	12	Treg	7	65	0.4703293367734102	0.4703293367734102	0.2	0.4386666666666667	0.11192307692307693	0.5505897435897437	0.0	0.0	0.0	0.5692307692307692	0.11868131868131869	0.2	0.03076923076923077	0.13846153846153847	0.493631279089475	0.8307692307692308	0.558974358974359	0.2923076923076923	0.16153846153846155	NKG7;GNLY;GZMB	CCR7;TCF7		0.0	0.0	0.0	0.0	0.0	0.0
infection_study_07	T_NK_lineage	12	CD4 Naive / T Central Memory	8	65	0.42631658825314916	0.42631658825314916	0.3076923076923077	0.41181538461538464	0.2561538461538461	0.6	0.0	0.0	0.0	0.6923076923076923	0.19423076923076926	0.3076923076923077	0.09230769230769231	0.26153846153846155	0.5756602622727263	0.8307692307692308	0.43692307692307697	0.5692307692307692	0.5692307692307692	NKG7;GNLY;GZMB;PRF1;FOXP3	CD8B		0.0	0.0	0.0	0.0	0.0	0.0
infection_study_07	T_NK_lineage	12	gdT Cell	9	65	0.5191986644407346	0.5191986644407346	0.3076923076923077	0.2103076923076923	0.33807692307692305	0.5483846153846154	0.0	0.0	0.0	0.47692307692307695	0.17307692307692307	0.3076923076923077	0.06153846153846154	0.15384615384615385	0.6851419575484502	0.4153846153846154	0.23846153846153847	0.8153846153846154	0.6230769230769231	MS4A1;LST1	NKG7;GNLY		0.0	0.0	0.0	0.0	0.0	0.0
infection_study_07	T_NK_lineage	13	NKT Cell	1	58	0.9127333434512066	1.0	1.0	0.0	0.26379310344827583	0.26379310344827583	0.7362068965517241	0.7362068965517241	0.0	1.0	0.7413793103448276	1.0	0.22413793103448276	1.0	1.431593594490696	0.0	0.0	0.5862068965517241	0.5862068965517241	MS4A1;LST1	CD8B		0.0	0.0	0.0	0.0	0.0	0.7362068965517241
infection_study_07	T_NK_lineage	13	gdT Cell	2	58	0.8049021095765669	0.8448275862068966	1.0	0.0	0.44870689655172413	0.44870689655172413	0.5512931034482759	0.5512931034482759	0.0	0.8448275862068966	0.4956896551724138	0.8448275862068966	0.6724137931034483	0.6724137931034483	1.8435392724316526	0.0	0.0	1.0	0.9913793103448276	MS4A1;LST1	NKG7;GNLY		0.0	0.0	0.0	0.0	0.0	0.5512931034482759
infection_study_07	T_NK_lineage	13	CD8 Cytotoxic / T Effector Memory	3	58	0.9172863864015783	1.0	1.0	0.0525	0.4293103448275862	0.48181034482758617	0.5181896551724139	0.5181896551724139	0.0	1.0	0.9331896551724138	1.0	0.9827586206896551	1.0	1.6614782442086438	0.1206896551724138	0.03017241379310345	1.0	0.8620689655172413	CCR7;TCF7;LEF1;MS4A1	KLRD1;FCGR3A		0.0	0.0	0.0	0.0	0.0	0.5181896551724139
infection_study_07	T_NK_lineage	13	CD4 T Effector Memory	4	58	0.4096220974351191	1.0	1.0	0.08439655172413793	0.4461206896551724	0.5305172413793103	0.46948275862068967	0.46948275862068967	0.0	1.0	0.3251231527093596	1.0	0.08620689655172414	1.0	1.377449830941809	0.1896551724137931	0.05603448275862069	1.0	0.9741379310344828	CCR7;TCF7;LEF1;FOXP3	NKG7;GNLY;GZMB;PRF1		0.0	0.0	0.0	0.0	0.0	0.46948275862068967
infection_study_07	T_NK_lineage	13	NK Cell	5	58	0.9516618606768857	1.0	1.0	0.2735632183908046	0.26379310344827583	0.5373563218390804	0.46264367816091956	0.46264367816091956	0.0	1.0	0.8943965517241379	1.0	1.0	1.0	1.5848411268635283	0.603448275862069	0.20114942528735633	0.5862068965517241	0.5862068965517241	TRAC;MS4A1;LST1	CD8B		0.0	0.0	0.0	0.0	0.0	0.46264367816091956
infection_study_07	T_NK_lineage	13	CD8 Naive / T Central Memory	6	58	0.17878281985126726	0.17878281985126726	0.1206896551724138	0.5	0.023275862068965515	0.5232758620689655	0.0	0.0	0.0	0.6896551724137931	0.14655172413793102	0.1206896551724138	0.0	0.1206896551724138	0.2828631000994707	1.0	0.9741379310344828	0.05172413793103448	0.05172413793103448	NKG7;GNLY;GZMB;PRF1	CD4		0.0	0.0	0.0	0.0	0.0	0.0
infection_study_07	T_NK_lineage	13	Treg	7	58	0.7405524358779785	0.7405524358779785	0.1724137931034483	0.5	0.04525862068965518	0.5452586206896551	0.0	0.0	0.0	0.7758620689655172	0.16502463054187191	0.1724137931034483	0.0	0.10344827586206896	0.4287864476819906	1.0	0.9885057471264368	0.1206896551724138	0.0603448275862069	NKG7;GNLY;GZMB	CCR7;TCF7		0.0	0.0	0.0	0.0	0.0	0.0
infection_study_07	T_NK_lineage	13	CD4 Naive / T Central Memory	8	58	0.12004856579147064	0.1724137931034483	0.1724137931034483	0.5	0.26379310344827583	0.6	0.0	0.0	0.0	0.41379310344827586	0.0581896551724138	0.1724137931034483	0.0	0.1206896551724138	0.3305348270559855	1.0	0.8	0.5862068965517241	0.5862068965517241	NKG7;GNLY;GZMB;PRF1;FOXP3	CD8B		0.0	0.0	0.0	0.0	0.0	0.0
infection_study_07	T_NK_lineage	13	MAIT Cell	9	58	0.2881317347093641	0.3620689655172414	0.44153891072066076	0.0	0.4482758620689655	0.4482758620689655	0.0	0.0	0.0	0.4827586206896552	0.10344827586206898	0.3620689655172414	0.0	0.3620689655172414	1.3178797808136775	0.0	0.0	1.0	0.9885057471264368	MS4A1;LST1	NKG7;GNLY;GZMB		0.0	0.0	0.0	0.0	0.0	0.0
infection_study_07	T_NK_lineage	14	NKT Cell	1	57	0.7385035665503111	0.9824561403508771	1.0	0.13087719298245612	0.3157894736842105	0.44666666666666666	0.5533333333333333	0.5533333333333333	0.0	1.0	0.5473684210526316	0.9824561403508771	0.05263157894736842	0.9824561403508771	1.4067265874646284	0.2631578947368421	0.14035087719298245	0.7017543859649122	0.7017543859649122	MS4A1;LST1	CD8B		0.0	0.0	0.0	0.0	0.0	0.5533333333333333
infection_study_07	T_NK_lineage	14	CD8 Cytotoxic / T Effector Memory	2	57	0.6952496585217787	1.0	1.0	0.15842105263157893	0.29736842105263156	0.4557894736842105	0.5442105263157895	0.5442105263157895	0.0	1.0	0.8004385964912281	1.0	0.43859649122807015	0.9824561403508771	1.6614782442086438	0.3508771929824561	0.11403508771929824	0.7368421052631579	0.5087719298245614	CCR7;TCF7;LEF1;MS4A1	KLRD1;FCGR3A		0.0	0.0	0.0	0.0	0.0	0.5442105263157895
infection_study_07	T_NK_lineage	14	CD4 T Effector Memory	3	57	0.6492639247230232	1.0	1.0	0.13359649122807016	0.40855263157894733	0.5421491228070174	0.45785087719298256	0.45785087719298256	0.0	1.0	0.5388471177944861	1.0	0.6666666666666666	1.0	1.377449830941809	0.2982456140350877	0.09210526315789473	1.0	0.7236842105263157	CCR7;TCF7;LEF1;FOXP3	NKG7;GNLY;GZMB;PRF1		0.0	0.0	0.0	0.0	0.0	0.45785087719298256
infection_study_07	T_NK_lineage	14	NK Cell	4	57	0.6410684474123539	1.0	1.0	0.3653801169590643	0.3157894736842105	0.6	0.4	0.4	0.0	1.0	0.6271929824561404	1.0	0.6666666666666666	0.9824561403508771	1.5848411268635283	0.7719298245614035	0.32748538011695905	0.7017543859649122	0.7017543859649122	TRAC;MS4A1;LST1	CD8B		0.0	0.0	0.0	0.0	0.0	0.4
infection_study_07	T_NK_lineage	14	gdT Cell	5	57	0.6825011382607375	0.7368421052631579	0.8895059797023148	0.13087719298245612	0.40789473684210525	0.5387719298245613	0.3507340498777535	0.3507340498777535	0.0	0.7719298245614035	0.2982456140350877	0.7368421052631579	0.2982456140350877	0.38596491228070173	1.6106554977566279	0.2631578947368421	0.14035087719298245	1.0	0.7192982456140351	MS4A1;LST1	NKG7;GNLY		0.0	0.0	0.0	0.0	0.0	0.3507340498777535
infection_study_07	T_NK_lineage	14	CD8 Naive / T Central Memory	6	57	0.48353316132948854	0.48353316132948854	0.17543859649122806	0.5	0.18157894736842103	0.6	0.0	0.0	0.0	0.9298245614035088	0.31578947368421056	0.17543859649122806	0.0	0.17543859649122806	0.4013610427879959	1.0	0.7236842105263157	0.40350877192982454	0.40350877192982454	NKG7;GNLY;GZMB;PRF1	CD4		0.0	0.0	0.0	0.0	0.0	0.0
infection_study_07	T_NK_lineage	14	Treg	7	57	0.7627864622856275	0.7627864622856275	0.2982456140350877	0.5	0.06578947368421052	0.5657894736842105	0.0	0.0	0.0	0.7894736842105263	0.22305764411027568	0.2982456140350877	0.05263157894736842	0.2631578947368421	0.7245698891898141	1.0	0.7017543859649122	0.17543859649122806	0.08771929824561403	NKG7;GNLY;GZMB	CCR7;TCF7		0.0	0.0	0.0	0.0	0.0	0.0
infection_study_07	T_NK_lineage	14	CD4 Naive / T Central Memory	8	57	0.4527242373653058	0.543859649122807	0.5447588550182125	0.5	0.3157894736842105	0.6	0.0	0.0	0.0	0.8421052631578947	0.23903508771929824	0.543859649122807	0.03508771929824561	0.40350877192982454	1.0035968235816217	1.0	0.5929824561403508	0.7017543859649122	0.7017543859649122	NKG7;GNLY;GZMB;PRF1;FOXP3	CD8B		0.0	0.0	0.0	0.0	0.0	0.0
infection_study_07	T_NK_lineage	14	MAIT Cell	9	57	0.5475792988313857	0.5475792988313857	0.2631578947368421	0.13087719298245612	0.4052631578947368	0.5361403508771929	0.0	0.0	0.0	0.7719298245614035	0.2596491228070176	0.2631578947368421	0.0	0.24561403508771928	0.9675337096252211	0.2631578947368421	0.14035087719298245	1.0	0.7017543859649122	MS4A1;LST1	NKG7;GNLY;GZMB		0.0	0.0	0.0	0.0	0.0	0.0
infection_study_07	T_NK_lineage	15	NKT Cell	1	50	0.9043102139930187	1.0	1.0	0.0196	0.315	0.3346	0.6654	0.6654	0.0	1.0	0.6679999999999999	1.0	0.02	1.0	1.431593594490696	0.04	0.02	0.7	0.7	MS4A1;LST1	CD8B		0.0	0.0	0.0	0.0	0.0	0.6654
infection_study_07	T_NK_lineage	15	gdT Cell	2	50	0.7799362573986948	0.84	1.0	0.0196	0.4485	0.4681	0.5319	0.5319	0.0	0.84	0.395	0.84	0.56	0.74	1.833127997799122	0.04	0.02	1.0	0.99	MS4A1;LST1	NKG7;GNLY		0.0	0.0	0.0	0.0	0.0	0.5319
infection_study_07	T_NK_lineage	15	CD8 Cytotoxic / T Effector Memory	3	50	0.9076491121566246	1.0	1.0	0.062000000000000006	0.4095	0.4715	0.5285	0.5285	0.0	1.0	0.9275	1.0	0.98	1.0	1.6614782442086438	0.14	0.04	0.98	0.77	CCR7;TCF7;LEF1;MS4A1	KLRD1;FCGR3A		0.0	0.0	0.0	0.0	0.0	0.5285
infection_study_07	T_NK_lineage	15	CD4 T Effector Memory	4	50	0.4188040673850356	1.0	1.0	0.062000000000000006	0.44175	0.50375	0.49624999999999997	0.49624999999999997	0.0	1.0	0.33428571428571435	1.0	0.08	1.0	1.377449830941809	0.14	0.04	1.0	0.945	CCR7;TCF7;LEF1;FOXP3	NKG7;GNLY;GZMB;PRF1		0.0	0.0	0.0	0.0	0.0	0.49624999999999997
infection_study_07	T_NK_lineage	15	NK Cell	5	50	0.9276066170890879	1.0	1.0	0.2114666666666667	0.315	0.5264666666666666	0.47353333333333336	0.47353333333333336	0.0	1.0	0.8775	1.0	0.98	1.0	1.5848411268635283	0.46	0.16666666666666666	0.7	0.7	TRAC;MS4A1;LST1	CD8B		0.0	0.0	0.0	0.0	0.0	0.47353333333333336
infection_study_07	T_NK_lineage	15	CD8 Naive / T Central Memory	6	50	0.32136894824707846	0.32136894824707846	0.12	0.5	0.036000000000000004	0.536	0.0	0.0	0.0	0.86	0.22999999999999998	0.12	0.0	0.12	0.281370418832455	1.0	0.945	0.08	0.08	NKG7;GNLY;GZMB;PRF1	CD4		0.0	0.0	0.0	0.0	0.0	0.0
infection_study_07	T_NK_lineage	15	Treg	7	50	0.6335559265442404	0.6335559265442404	0.32	0.5	0.045	0.545	0.0	0.0	0.0	0.8	0.19714285714285715	0.32	0.0	0.3	0.7757062957120321	1.0	0.94	0.12	0.06	NKG7;GNLY;GZMB	CCR7;TCF7		0.0	0.0	0.0	0.0	0.0	0.0
infection_study_07	T_NK_lineage	15	CD4 Naive / T Central Memory	8	50	0.31097283351039606	0.31097283351039606	0.2	0.5	0.315	0.6	0.0	0.0	0.0	0.64	0.11750000000000001	0.2	0.0	0.12	0.38052119031586995	1.0	0.756	0.7	0.7	NKG7;GNLY;GZMB;PRF1;FOXP3	CD8B		0.0	0.0	0.0	0.0	0.0	0.0
infection_study_07	T_NK_lineage	15	MAIT Cell	9	50	0.2360752769767795	0.2360752769767795	0.14	0.0196	0.44099999999999995	0.46059999999999995	0.0	0.0	0.0	0.38	0.092	0.14	0.0	0.14	0.531304638233503	0.04	0.02	1.0	0.94	MS4A1;LST1	NKG7;GNLY;GZMB		0.0	0.0	0.0	0.0	0.0	0.0
infection_study_07	T_NK_lineage	16	NKT Cell	1	44	0.814994688116558	1.0	1.0	0.035909090909090904	0.3579545454545454	0.3938636363636363	0.6061363636363637	0.6061363636363637	0.0	1.0	0.5818181818181818	1.0	0.0	1.0	1.431593594490696	0.06818181818181818	0.045454545454545456	0.7954545454545454	0.7954545454545454	MS4A1;LST1	CD8B		0.0	0.0	0.0	0.0	0.0	0.6061363636363637
infection_study_07	T_NK_lineage	16	CD8 Cytotoxic / T Effector Memory	2	44	0.7544392168766125	1.0	1.0	0.05068181818181818	0.3852272727272727	0.43590909090909086	0.5640909090909092	0.5640909090909092	0.0	1.0	0.8323863636363636	1.0	0.5227272727272727	1.0	1.6614782442086438	0.11363636363636363	0.03409090909090909	0.9090909090909091	0.75	CCR7;TCF7;LEF1;MS4A1	KLRD1;FCGR3A		0.0	0.0	0.0	0.0	0.0	0.5640909090909092
infection_study_07	T_NK_lineage	16	gdT Cell	3	44	0.7495826377295493	0.8863636363636364	1.0	0.035909090909090904	0.41420454545454544	0.4501136363636363	0.5498863636363637	0.5498863636363637	0.0	0.8863636363636364	0.4318181818181818	0.8863636363636364	0.6363636363636364	0.8636363636363636	1.9331167976790742	0.06818181818181818	0.045454545454545456	1.0	0.7613636363636364	MS4A1;LST1	NKG7;GNLY		0.0	0.0	0.0	0.0	0.0	0.5498863636363637
infection_study_07	T_NK_lineage	16	CD4 T Effector Memory	4	44	0.6771892548186371	1.0	1.0	0.04943181818181818	0.4133522727272727	0.4627840909090909	0.5372159090909091	0.5372159090909091	0.0	1.0	0.4642857142857143	1.0	0.5227272727272727	1.0	1.377449830941809	0.11363636363636363	0.028409090909090908	1.0	0.7556818181818181	CCR7;TCF7;LEF1;FOXP3	NKG7;GNLY;GZMB;PRF1		0.0	0.0	0.0	0.0	0.0	0.5372159090909091
infection_study_07	T_NK_lineage	16	NK Cell	5	44	0.8215207163454241	1.0	1.0	0.2728787878787879	0.3579545454545454	0.6	0.4	0.4	0.0	1.0	0.7642045454545454	1.0	0.8863636363636364	1.0	1.5848411268635283	0.5909090909090909	0.21969696969696972	0.7954545454545454	0.7954545454545454	TRAC;MS4A1;LST1	CD8B		0.0	0.0	0.0	0.0	0.0	0.4
infection_study_07	T_NK_lineage	16	MAIT Cell	6	44	0.8980877219608439	0.8980877219608439	0.7444613909164133	0.035909090909090904	0.40909090909090906	0.44499999999999995	0.29946139091641333	0.29946139091641333	0.0	0.9545454545454546	0.3	0.5227272727272727	0.0	0.5227272727272727	1.886936472756562	0.06818181818181818	0.045454545454545456	1.0	0.7272727272727272	MS4A1;LST1	NKG7;GNLY;GZMB		0.0	0.0	0.0	0.0	0.0	0.29946139091641333
infection_study_07	T_NK_lineage	16	CD8 Naive / T Central Memory	7	44	0.2828198512672636	0.2828198512672636	0.06818181818181818	0.5	0.030681818181818178	0.5306818181818181	0.0	0.0	0.0	0.8181818181818182	0.18939393939393936	0.06818181818181818	0.0	0.06818181818181818	0.16921577636077711	1.0	0.7556818181818181	0.06818181818181818	0.06818181818181818	NKG7;GNLY;GZMB;PRF1	CD4		0.0	0.0	0.0	0.0	0.0	0.0
infection_study_07	T_NK_lineage	16	CD4 Naive / T Central Memory	8	44	0.16284716952496586	0.16284716952496586	0.13636363636363635	0.5	0.3579545454545454	0.6	0.0	0.0	0.0	0.38636363636363635	0.06818181818181818	0.13636363636363635	0.0	0.06818181818181818	0.2652117387050002	1.0	0.6136363636363635	0.7954545454545454	0.7954545454545454	NKG7;GNLY;GZMB;PRF1;FOXP3	CD8B		0.0	0.0	0.0	0.0	0.0	0.0
infection_study_07	T_NK_lineage	16	Treg	9	44	0.5053118834421004	0.5053118834421004	0.18181818181818182	0.5	0.025568181818181813	0.5255681818181818	0.0	0.0	0.0	0.6590909090909091	0.1266233766233766	0.18181818181818182	0.0	0.13636363636363635	0.4508926402072694	1.0	0.7272727272727272	0.06818181818181818	0.03409090909090909	NKG7;GNLY;GZMB	CCR7;TCF7		0.0	0.0	0.0	0.0	0.0	0.0
infection_study_07	T_NK_lineage	17	CD8 Cytotoxic / T Effector Memory	1	32	0.800424950675368	1.0	1.0	0.14953125	0.31406249999999997	0.46359374999999997	0.53640625	0.53640625	0.0	1.0	0.859375	1.0	0.9375	1.0	1.6614782442086438	0.34375	0.0859375	0.75	0.59375	CCR7;TCF7;LEF1;MS4A1	KLRD1;FCGR3A		0.0	0.0	0.0	0.0	0.0	0.53640625
infection_study_07	T_NK_lineage	17	CD4 T Effector Memory	2	32	0.48960388526331766	1.0	1.0	0.14953125	0.43242187499999996	0.581953125	0.41804687500000004	0.41804687500000004	0.0	1.0	0.4419642857142857	1.0	0.4375	1.0	1.377449830941809	0.34375	0.0859375	1.0	0.8828125	CCR7;TCF7;LEF1;FOXP3	NKG7;GNLY;GZMB;PRF1		0.0	0.0	0.0	0.0	0.0	0.41804687500000004
infection_study_07	T_NK_lineage	17	NK Cell	3	32	0.7968584003642434	1.0	1.0	0.43562500000000004	0.30937499999999996	0.6	0.4	0.4	0.0	1.0	0.734375	1.0	1.0	1.0	1.5848411268635283	0.875	0.46875	0.6875	0.6875	TRAC;MS4A1;LST1	CD8B		0.0	0.0	0.0	0.0	0.0	0.4
infection_study_07	T_NK_lineage	17	gdT Cell	4	32	0.7176354530277735	0.90625	1.0	0.294375	0.4453125	0.6	0.4	0.4	0.0	0.90625	0.328125	0.90625	0.3125	0.90625	1.9760041505687596	0.59375	0.3125	1.0	0.96875	MS4A1;LST1	NKG7;GNLY		0.0	0.0	0.0	0.0	0.0	0.4
infection_study_07	T_NK_lineage	17	NKT Cell	5	32	0.8799514342085294	1.0	1.0	0.294375	0.30937499999999996	0.6	0.4	0.4	0.0	1.0	0.675	1.0	0.03125	1.0	1.431593594490696	0.59375	0.3125	0.6875	0.6875	MS4A1;LST1	CD8B		0.0	0.0	0.0	0.0	0.0	0.4
infection_study_07	T_NK_lineage	17	MAIT Cell	6	32	0.3549096979814843	0.59375	0.84375	0.294375	0.4359375	0.6	0.24375000000000002	0.24375000000000002	0.0	0.71875	0.24375	0.59375	0.15625	0.4375	2.1385011688898494	0.59375	0.3125	1.0	0.90625	MS4A1;LST1	NKG7;GNLY;GZMB		0.0	0.0	0.0	0.0	0.0	0.24375000000000002
infection_study_07	T_NK_lineage	17	CD8 Naive / T Central Memory	7	32	0.39801183791167094	0.39801183791167094	0.3125	0.5	0.0	0.5	0.0	0.0	0.0	0.9375	0.2604166666666667	0.3125	0.0	0.3125	0.6980150774882057	1.0	0.8828125	0.0	0.0	NKG7;GNLY;GZMB;PRF1	CD4		0.0	0.0	0.0	0.0	0.0	0.0
infection_study_07	T_NK_lineage	17	CD4 Naive / T Central Memory	8	32	0.3282743967218091	0.3282743967218091	0.3125	0.5	0.30937499999999996	0.6	0.0	0.0	0.0	0.6875	0.13671875	0.3125	0.0	0.3125	0.5843718279850859	1.0	0.7125	0.6875	0.6875	NKG7;GNLY;GZMB;PRF1;FOXP3	CD8B		0.0	0.0	0.0	0.0	0.0	0.0
infection_study_07	T_NK_lineage	17	Treg	9	32	0.14820154803460311	0.14820154803460311	0.03125	0.5	0.1171875	0.6	0.0	0.0	0.0	0.46875	0.08035714285714286	0.03125	0.0	0.03125	0.09696328696400401	1.0	0.90625	0.3125	0.15625	NKG7;GNLY;GZMB	CCR7;TCF7		0.0	0.0	0.0	0.0	0.0	0.0
infection_study_07	T_NK_lineage	18	Treg	1	17	0.7325846107148277	0.7325846107148277	0.8765751167030049	0.30980392156862746	0.09705882352941175	0.4068627450980392	0.4697123716049657	0.4697123716049657	0.0	0.9411764705882353	0.25210084033613445	0.7058823529411765	0.35294117647058826	0.47058823529411764	1.6827710550473138	0.5882352941176471	0.39215686274509803	0.23529411764705882	0.1764705882352941	NKG7;GNLY;GZMB	CCR7;TCF7		0.0	0.0	0.0	0.0	0.0	0.4697123716049657
infection_study_07	T_NK_lineage	18	NKT Cell	2	17	0.4050690544847473	0.7058823529411765	0.7095587368222448	0.05764705882352941	0.2647058823529412	0.3223529411764706	0.3872057956457742	0.3872057956457742	0.0	0.9411764705882353	0.3764705882352941	0.7058823529411765	0.11764705882352941	0.47058823529411764	1.0147055355242731	0.11764705882352941	0.058823529411764705	0.5882352941176471	0.5882352941176471	MS4A1;LST1	CD8B		0.0	0.0	0.0	0.0	0.0	0.3872057956457742
infection_study_07	T_NK_lineage	18	CD4 T Effector Memory	3	17	0.4844437699195629	0.7058823529411765	0.7058823529411765	0.16	0.3110294117647059	0.4710294117647059	0.2348529411764706	0.2348529411764706	0.0	0.8823529411764706	0.3361344537815126	0.7058823529411765	0.11764705882352941	0.4117647058823529	0.9763287386465823	0.35294117647058826	0.11764705882352941	0.8235294117647058	0.42647058823529416	CCR7;TCF7;LEF1;FOXP3	NKG7;GNLY;GZMB;PRF1		0.0	0.0	0.0	0.0	0.0	0.2348529411764706
infection_study_07	T_NK_lineage	18	NK Cell	4	17	0.4023372287145242	0.5294117647058824	0.7058823529411765	0.21764705882352942	0.2647058823529412	0.4823529411764706	0.22352941176470592	0.22352941176470592	0.0	0.8823529411764706	0.3382352941176471	0.5294117647058824	0.35294117647058826	0.35294117647058826	0.8464177713068466	0.47058823529411764	0.17647058823529413	0.5882352941176471	0.5882352941176471	TRAC;MS4A1;LST1	CD8B		0.0	0.0	0.0	0.0	0.0	0.22352941176470592
infection_study_07	T_NK_lineage	18	gdT Cell	5	17	0.44422522385794505	0.44422522385794505	0.4117647058823529	0.05764705882352941	0.19411764705882353	0.25176470588235295	0.15999999999999998	0.15999999999999998	0.0	0.47058823529411764	0.11764705882352941	0.4117647058823529	0.0	0.29411764705882354	0.9095866951017096	0.11764705882352941	0.058823529411764705	0.47058823529411764	0.35294117647058826	MS4A1;LST1	NKG7;GNLY		0.0	0.0	0.0	0.0	0.0	0.15999999999999998
infection_study_07	T_NK_lineage	18	CD8 Cytotoxic / T Effector Memory	6	17	0.3484595538017909	0.47058823529411764	0.47058823529411764	0.16	0.18088235294117647	0.34088235294117647	0.12970588235294117	0.12970588235294117	0.0	0.9411764705882353	0.44852941176470584	0.47058823529411764	0.23529411764705882	0.35294117647058826	0.7905810864988131	0.35294117647058826	0.11764705882352941	0.47058823529411764	0.2647058823529412	CCR7;TCF7;LEF1;MS4A1	KLRD1;FCGR3A		0.0	0.0	0.0	0.0	0.0	0.12970588235294117
infection_study_07	T_NK_lineage	18	CD4 Naive / T Central Memory	7	17	0.41948702382759145	0.41948702382759145	0.35294117647058826	0.41552941176470587	0.2647058823529412	0.6	0.0	0.0	0.0	0.6470588235294118	0.20588235294117646	0.35294117647058826	0.11764705882352941	0.23529411764705882	0.6576514689772878	0.8823529411764706	0.3647058823529412	0.5882352941176471	0.5882352941176471	NKG7;GNLY;GZMB;PRF1;FOXP3	CD8B		0.0	0.0	0.0	0.0	0.0	0.0
infection_study_07	T_NK_lineage	18	CD8 Naive / T Central Memory	8	17	0.6046441038093793	0.6046441038093793	0.23529411764705882	0.4067647058823529	0.052941176470588235	0.45970588235294113	0.0	0.0	0.0	0.8235294117647058	0.303921568627451	0.23529411764705882	0.11764705882352941	0.23529411764705882	0.5309116047653111	0.8235294117647058	0.42647058823529416	0.11764705882352941	0.11764705882352941	NKG7;GNLY;GZMB;PRF1	CD4		0.0	0.0	0.0	0.0	0.0	0.0
infection_study_07	T_NK_lineage	18	MAIT Cell	9	17	0.7016239186522993	0.7016239186522993	0.11764705882352941	0.05764705882352941	0.23529411764705882	0.29294117647058826	0.0	0.0	0.0	0.8235294117647058	0.31764705882352945	0.11764705882352941	0.058823529411764705	0.11764705882352941	0.45212982939870644	0.11764705882352941	0.058823529411764705	0.5882352941176471	0.39215686274509803	MS4A1;LST1	NKG7;GNLY;GZMB		0.0	0.0	0.0	0.0	0.0	0.0
infection_study_07	T_NK_lineage	2	NKT Cell	1	155	0.9043860980421915	0.9935483870967742	1.0	0.022129032258064518	0.3803225806451613	0.4024516129032258	0.5975483870967742	0.5975483870967742	0.0	1.0	0.6825806451612904	0.9935483870967742	0.07741935483870968	0.9935483870967742	1.4224489531972386	0.04516129032258064	0.022580645161290325	0.8451612903225807	0.8451612903225807	MS4A1;LST1	CD8B		0.0	0.0	0.0	0.0	0.0	0.5975483870967742
infection_study_07	T_NK_lineage	2	CD8 Cytotoxic / T Effector Memory	2	155	0.9221429655486417	0.9935483870967742	1.0	0.03648387096774194	0.3953225806451613	0.4318064516129032	0.5681935483870968	0.5681935483870968	0.0	1.0	0.9370967741935484	0.9935483870967742	0.9225806451612903	0.9935483870967742	1.6508651605663016	0.08387096774193549	0.020967741935483872	0.9354838709677419	0.7645161290322581	CCR7;TCF7;LEF1;MS4A1	KLRD1;FCGR3A		0.0	0.0	0.0	0.0	0.0	0.5681935483870968
infection_study_07	T_NK_lineage	2	CD4 T Effector Memory	3	155	0.5072089846714221	0.9870967741935484	1.0	0.042451612903225806	0.44129032258064516	0.48374193548387096	0.516258064516129	0.516258064516129	0.0	1.0	0.4064516129032258	0.9870967741935484	0.2903225806451613	0.9806451612903225	1.3598522604411152	0.0967741935483871	0.025806451612903226	1.0	0.9419354838709677	CCR7;TCF7;LEF1;FOXP3	NKG7;GNLY;GZMB;PRF1		0.0	0.0	0.0	0.0	0.0	0.516258064516129
infection_study_07	T_NK_lineage	2	NK Cell	4	155	0.906359083320686	0.9935483870967742	1.0	0.26266666666666666	0.3803225806451613	0.6	0.4	0.4	0.0	1.0	0.7983870967741935	0.9935483870967742	0.9806451612903225	0.9935483870967742	1.5747175808599285	0.5741935483870968	0.2021505376344086	0.8451612903225807	0.8451612903225807	TRAC;MS4A1;LST1	CD8B		0.0	0.0	0.0	0.0	0.0	0.4
infection_study_07	T_NK_lineage	2	gdT Cell	5	155	0.7404765518288056	0.7404765518288056	0.8576253437424881	0.022129032258064518	0.4417741935483871	0.4639032258064516	0.3937221179360365	0.3937221179360365	0.0	0.7483870967741936	0.3225806451612903	0.7161290322580646	0.3225806451612903	0.4064516129032258	1.5659852459376942	0.04516129032258064	0.022580645161290325	0.9935483870967742	0.9580645161290322	MS4A1;LST1	NKG7;GNLY		0.0	0.0	0.0	0.0	0.0	0.3937221179360365
infection_study_07	T_NK_lineage	2	CD8 Naive / T Central Memory	6	155	0.37911670966762784	0.37911670966762784	0.01935483870967742	0.5	0.11612903225806451	0.6	0.0	0.0	0.0	0.9290322580645162	0.2440860215053764	0.01935483870967742	0.0	0.01935483870967742	0.06353525586539308	1.0	0.9419354838709677	0.25806451612903225	0.25806451612903225	NKG7;GNLY;GZMB;PRF1	CD4		0.0	0.0	0.0	0.0	0.0	0.0
infection_study_07	T_NK_lineage	2	Treg	7	155	0.42631658825314916	0.42631658825314916	0.36774193548387096	0.5	0.007258064516129033	0.507258064516129	0.0	0.0	0.0	0.6774193548387096	0.13732718894009216	0.36774193548387096	0.012903225806451613	0.3548387096774194	0.8879296894220817	0.9935483870967742	0.9591397849462365	0.01935483870967742	0.00967741935483871	NKG7;GNLY;GZMB	CCR7;TCF7		0.0	0.0	0.0	0.0	0.0	0.0
infection_study_07	T_NK_lineage	2	CD4 Naive / T Central Memory	8	155	0.3158294126574594	0.3158294126574594	0.2709677419354839	0.5	0.3803225806451613	0.6	0.0	0.0	0.0	0.7032258064516129	0.1274193548387097	0.2709677419354839	0.0064516129032258064	0.25806451612903225	0.5091151409602499	1.0	0.7587096774193548	0.8451612903225807	0.8451612903225807	NKG7;GNLY;GZMB;PRF1;FOXP3	CD8B		0.0	0.0	0.0	0.0	0.0	0.0
infection_study_07	T_NK_lineage	2	MAIT Cell	9	155	0.38731218697829717	0.38731218697829717	0.23870967741935484	0.022129032258064518	0.4419354838709677	0.4640645161290322	0.0	0.0	0.0	0.6	0.15612903225806452	0.23870967741935484	0.0064516129032258064	0.23225806451612904	0.8809373679097436	0.04516129032258064	0.022580645161290325	0.9935483870967742	0.9591397849462365	MS4A1;LST1	NKG7;GNLY;GZMB		0.0	0.0	0.0	0.0	0.0	0.0
infection_study_07	T_NK_lineage	3	CD4 T Effector Memory	1	152	0.8964182728790409	0.993421052631579	1.0	0.24088815789473683	0.31726973684210524	0.5581578947368421	0.4418421052631579	0.4418421052631579	0.0	0.993421052631579	0.5864661654135338	0.993421052631579	0.9078947368421053	0.9539473684210527	1.368477385456258	0.5263157894736842	0.18585526315789472	0.881578947368421	0.3519736842105263	CCR7;TCF7;LEF1;FOXP3	NKG7;GNLY;GZMB;PRF1		0.0	0.0	0.0	0.0	0.0	0.4418421052631579
infection_study_07	T_NK_lineage	3	CD8 Cytotoxic / T Effector Memory	2	152	0.42070116861435725	0.7828947368421053	0.858978240607129	0.324375	0.1450657894736842	0.46944078947368423	0.3895374511334448	0.3895374511334448	0.0	1.0	0.528782894736842	0.7828947368421053	0.11842105263157894	0.7763157894736842	1.3043340150600948	0.6907894736842105	0.28125	0.375	0.21710526315789475	CCR7;TCF7;LEF1;MS4A1	KLRD1;FCGR3A		0.0	0.0	0.0	0.0	0.0	0.3895374511334448
infection_study_07	T_NK_lineage	3	NK Cell	3	152	0.3725147973895887	0.8157894736842105	0.889736285571766	0.43342105263157893	0.31973684210526315	0.6	0.289736285571766	0.289736285571766	0.0	0.9013157894736842	0.2730263157894737	0.8157894736842105	0.3026315789473684	0.7763157894736842	1.295787247550222	0.881578947368421	0.4473684210526316	0.7105263157894737	0.7105263157894737	TRAC;MS4A1;LST1	CD8B		0.0	0.0	0.0	0.0	0.0	0.289736285571766
infection_study_07	T_NK_lineage	3	NKT Cell	4	152	0.5048565791470633	0.7763157894736842	0.8049506032007685	0.2744736842105263	0.31973684210526315	0.5942105263157895	0.21074007688497898	0.21074007688497898	0.0	0.9276315789473685	0.38421052631578945	0.7763157894736842	0.019736842105263157	0.7763157894736842	1.1145392549083375	0.5394736842105263	0.3157894736842105	0.7105263157894737	0.7105263157894737	MS4A1;LST1	CD8B		0.0	0.0	0.0	0.0	0.0	0.21074007688497898
infection_study_07	T_NK_lineage	3	CD4 Naive / T Central Memory	5	152	0.617013203824556	0.617013203824556	0.5197368421052632	0.3998421052631579	0.31973684210526315	0.6	0.0	0.0	0.0	0.9210526315789473	0.31496710526315785	0.5197368421052632	0.11842105263157894	0.42105263157894735	0.9598861605336417	0.881578947368421	0.2947368421052632	0.7105263157894737	0.7105263157894737	NKG7;GNLY;GZMB;PRF1;FOXP3	CD8B		0.0	0.0	0.0	0.0	0.0	0.0
infection_study_07	T_NK_lineage	3	CD8 Naive / T Central Memory	6	152	0.6725603278190924	0.6725603278190924	0.4342105263157895	0.41243421052631574	0.07105263157894737	0.4834868421052631	0.0	0.0	0.0	0.9671052631578947	0.44298245614035087	0.4342105263157895	0.07236842105263158	0.42105263157894735	0.9614438603019921	0.881578947368421	0.3519736842105263	0.15789473684210525	0.15789473684210525	NKG7;GNLY;GZMB;PRF1	CD4		0.0	0.0	0.0	0.0	0.0	0.0
infection_study_07	T_NK_lineage	3	Treg	7	152	0.5771740780088026	0.5771740780088026	0.26973684210526316	0.37583333333333335	0.1682565789473684	0.5440899122807017	0.0	0.0	0.0	0.6578947368421053	0.16917293233082709	0.26973684210526316	0.06578947368421052	0.19078947368421054	0.6575564532231979	0.7960526315789473	0.3333333333333333	0.4342105263157895	0.2532894736842105	NKG7;GNLY;GZMB	CCR7;TCF7		0.0	0.0	0.0	0.0	0.0	0.0
infection_study_07	T_NK_lineage	3	gdT Cell	8	152	0.5532706025193503	0.5532706025193503	0.4473684210526316	0.2744736842105263	0.3024671052631579	0.5769407894736842	0.0	0.0	0.0	0.506578947368421	0.17598684210526316	0.4473684210526316	0.09210526315789473	0.3157894736842105	0.9863704211067722	0.5394736842105263	0.3157894736842105	0.7828947368421053	0.4506578947368421	MS4A1;LST1	NKG7;GNLY		0.0	0.0	0.0	0.0	0.0	0.0
infection_study_07	T_NK_lineage	3	MAIT Cell	9	152	0.748596145090302	0.748596145090302	0.527943756804738	0.2744736842105263	0.2888157894736842	0.5632894736842105	0.0	0.0	0.0	0.9276315789473685	0.325	0.40789473684210525	0.02631578947368421	0.3092105263157895	1.4801960798505311	0.5394736842105263	0.3157894736842105	0.7960526315789473	0.3333333333333333	MS4A1;LST1	NKG7;GNLY;GZMB		0.0	0.0	0.0	0.0	0.0	0.0
infection_study_07	T_NK_lineage	4	CD8 Naive / T Central Memory	1	120	0.9586431932007892	0.9916666666666667	1.0	0.05075	0.0075	0.05825	0.94175	0.94175	0.0	1.0	0.8583333333333334	0.9916666666666667	0.7333333333333333	0.9333333333333333	2.1679951502346855	0.11666666666666667	0.029166666666666667	0.016666666666666666	0.016666666666666666	NKG7;GNLY;GZMB;PRF1	CD4		0.0	0.0	0.0	0.0	0.0	0.94175
infection_study_07	T_NK_lineage	4	CD4 Naive / T Central Memory	2	120	0.9469570496281681	0.9916666666666667	1.0	0.2043333333333333	0.39749999999999996	0.6	0.4	0.4	0.0	1.0	0.7427083333333333	0.9916666666666667	0.7416666666666667	0.9333333333333333	1.8150256776177605	0.475	0.10833333333333332	0.8833333333333333	0.8833333333333333	NKG7;GNLY;GZMB;PRF1;FOXP3	CD8B		0.0	0.0	0.0	0.0	0.0	0.4
infection_study_07	T_NK_lineage	4	Treg	3	120	0.44885415085748975	0.6583333333333333	0.8010836168946021	0.007555555555555555	0.426875	0.43443055555555554	0.3666530613390465	0.3666530613390465	0.0	0.7166666666666667	0.1357142857142857	0.6583333333333333	0.10833333333333334	0.425	1.5710011342450751	0.016666666666666666	0.005555555555555556	0.9916666666666667	0.8625	NKG7;GNLY;GZMB	CCR7;TCF7		0.0	0.0	0.0	0.0	0.0	0.3666530613390465
infection_study_07	T_NK_lineage	4	NK Cell	4	120	0.08263772954924875	0.08263772954924875	0.025	0.18000000000000002	0.39749999999999996	0.5775	0.0	0.0	0.0	0.15833333333333333	0.020833333333333332	0.025	0.0	0.016666666666666666	0.05492023706952821	0.39166666666666666	0.1416666666666667	0.8833333333333333	0.8833333333333333	TRAC;MS4A1;LST1	CD8B		0.0	0.0	0.0	0.0	0.0	0.0
infection_study_07	T_NK_lineage	4	CD4 T Effector Memory	5	120	0.08794961299134922	0.15476190476190474	0.058333333333333334	0.5	0.03937499999999999	0.5393749999999999	0.0	0.0	0.0	0.8916666666666667	0.15476190476190474	0.058333333333333334	0.0	0.041666666666666664	0.0931938004432577	1.0	0.75	0.11666666666666667	0.029166666666666667	CCR7;TCF7;LEF1;FOXP3	NKG7;GNLY;GZMB;PRF1		0.0	0.0	0.0	0.0	0.0	0.0
infection_study_07	T_NK_lineage	4	CD8 Cytotoxic / T Effector Memory	6	120	0.10464410380937927	0.12708333333333333	0.008333333333333333	0.5	0.009375	0.509375	0.0	0.0	0.0	0.8916666666666667	0.12708333333333333	0.008333333333333333	0.0	0.008333333333333333	0.030158846016988584	1.0	0.6458333333333334	0.025	0.0125	CCR7;TCF7;LEF1;MS4A1	KLRD1;FCGR3A		0.0	0.0	0.0	0.0	0.0	0.0
infection_study_07	T_NK_lineage	4	gdT Cell	7	120	0.261951737744726	0.261951737744726	0.03333333333333333	0.06941666666666667	0.003125	0.07254166666666667	0.0	0.0	0.0	0.03333333333333333	0.008333333333333333	0.03333333333333333	0.0	0.025	0.09345358420152387	0.14166666666666666	0.07083333333333333	0.008333333333333333	0.004166666666666667	MS4A1;LST1	NKG7;GNLY		0.0	0.0	0.0	0.0	0.0	0.0
infection_study_07	T_NK_lineage	4	MAIT Cell	8	120	0.5771740780088026	0.5771740780088026	0.0	0.06941666666666667	0.005833333333333334	0.07525	0.0	0.0	0.0	0.9083333333333333	0.2733333333333333	0.0	0.0	0.0	0.03542030921556687	0.14166666666666666	0.07083333333333333	0.016666666666666666	0.005555555555555556	MS4A1;LST1	NKG7;GNLY;GZMB		0.0	0.0	0.0	0.0	0.0	0.0
infection_study_07	T_NK_lineage	4	NKT Cell	9	120	0.09720746699043861	0.21666666666666667	0.21666666666666667	0.06941666666666667	0.39749999999999996	0.46691666666666665	0.0	0.0	0.0	0.43333333333333335	0.10500000000000001	0.21666666666666667	0.0	0.21666666666666667	0.32128173077678984	0.14166666666666666	0.07083333333333333	0.8833333333333333	0.8833333333333333	MS4A1;LST1	CD8B		0.0	0.0	0.0	0.0	0.0	0.0
infection_study_07	T_NK_lineage	5	CD8 Naive / T Central Memory	1	112	0.8351798451965398	0.8351798451965398	0.8837141005040119	0.21183035714285714	0.040178571428571425	0.25200892857142854	0.6317051719325834	0.6317051719325834	0.0	1.0	0.6041666666666666	0.7321428571428571	0.24107142857142858	0.6339285714285714	1.6062849734446194	0.45535714285714285	0.17633928571428573	0.08928571428571429	0.08928571428571429	NKG7;GNLY;GZMB;PRF1	CD4		0.0	0.0	0.0	0.0	0.0	0.6317051719325834
infection_study_07	T_NK_lineage	5	CD4 T Effector Memory	2	112	0.8846562452572468	0.9107142857142857	1.0	0.4350446428571429	0.1630580357142857	0.5981026785714286	0.4018973214285714	0.4018973214285714	0.0	1.0	0.5599489795918368	0.9107142857142857	0.5982142857142857	0.8303571428571429	1.2556809279236152	0.8928571428571429	0.43526785714285715	0.45535714285714285	0.17633928571428573	CCR7;TCF7;LEF1;FOXP3	NKG7;GNLY;GZMB;PRF1		0.0	0.0	0.0	0.0	0.0	0.4018973214285714
infection_study_07	T_NK_lineage	5	CD4 Naive / T Central Memory	3	112	0.8045226893307027	0.8045226893307027	0.857254303890335	0.28528571428571425	0.33749999999999997	0.6	0.257254303890335	0.257254303890335	0.0	0.9910714285714286	0.5167410714285714	0.7589285714285714	0.2857142857142857	0.6339285714285714	1.3933029298470543	0.6339285714285714	0.2017857142857143	0.75	0.75	NKG7;GNLY;GZMB;PRF1;FOXP3	CD8B		0.0	0.0	0.0	0.0	0.0	0.257254303890335
infection_study_07	T_NK_lineage	5	Treg	4	112	0.5062224920321748	0.6071428571428571	0.7198107356575734	0.1731547619047619	0.29263392857142856	0.4657886904761904	0.25402204518138294	0.25402204518138294	0.0	0.6964285714285714	0.18877551020408162	0.6071428571428571	0.23214285714285715	0.375	1.450671514058865	0.36607142857142855	0.15476190476190477	0.7321428571428571	0.48660714285714285	NKG7;GNLY;GZMB	CCR7;TCF7		0.0	0.0	0.0	0.0	0.0	0.25402204518138294
infection_study_07	T_NK_lineage	5	NK Cell	5	112	0.2828957353164365	0.5178571428571429	0.5178571428571429	0.3842261904761905	0.33749999999999997	0.6	0.0	0.0	0.0	0.6428571428571429	0.14732142857142858	0.5178571428571429	0.16964285714285715	0.32142857142857145	0.8282868407016603	0.7767857142857143	0.4047619047619048	0.75	0.75	TRAC;MS4A1;LST1	CD8B		0.0	0.0	0.0	0.0	0.0	0.0
infection_study_07	T_NK_lineage	5	CD8 Cytotoxic / T Effector Memory	6	112	0.29617544392168765	0.3482142857142857	0.3482142857142857	0.4433482142857143	0.12723214285714285	0.5705803571428572	0.0	0.0	0.0	0.9910714285714286	0.3381696428571429	0.3482142857142857	0.08035714285714286	0.24107142857142858	0.5892725173059653	0.9017857142857143	0.4575892857142857	0.3392857142857143	0.16964285714285715	CCR7;TCF7;LEF1;MS4A1	KLRD1;FCGR3A		0.0	0.0	0.0	0.0	0.0	0.0
infection_study_07	T_NK_lineage	5	gdT Cell	7	112	0.48535437850963725	0.48535437850963725	0.35714285714285715	0.28401785714285716	0.13660714285714284	0.420625	0.0	0.0	0.0	0.36607142857142855	0.13392857142857142	0.35714285714285715	0.125	0.2857142857142857	0.7917880595535705	0.5535714285714286	0.3348214285714286	0.3482142857142857	0.2142857142857143	MS4A1;LST1	NKG7;GNLY		0.0	0.0	0.0	0.0	0.0	0.0
infection_study_07	T_NK_lineage	5	MAIT Cell	8	112	0.7845651843982395	0.7845651843982395	0.3817460239503145	0.28401785714285716	0.13303571428571426	0.4170535714285714	0.0	0.0	0.0	0.9821428571428571	0.325	0.33035714285714285	0.008928571428571428	0.2767857142857143	1.2055555243726865	0.5535714285714286	0.3348214285714286	0.36607142857142855	0.15476190476190477	MS4A1;LST1	NKG7;GNLY;GZMB		0.0	0.0	0.0	0.0	0.0	0.0
infection_study_07	T_NK_lineage	5	NKT Cell	9	112	0.3797996661101836	0.3797996661101836	0.2767857142857143	0.28401785714285716	0.33749999999999997	0.6	0.0	0.0	0.0	0.7857142857142857	0.2785714285714286	0.2767857142857143	0.008928571428571428	0.1875	0.4064956352107599	0.5535714285714286	0.3348214285714286	0.75	0.75	MS4A1;LST1	CD8B		0.0	0.0	0.0	0.0	0.0	0.0
infection_study_07	T_NK_lineage	6	CD8 Naive / T Central Memory	1	111	0.923053574138716	0.9819819819819819	1.0	0.03968468468468468	0.012162162162162163	0.051846846846846845	0.9481531531531532	0.9481531531531532	0.0	1.0	0.7522522522522522	0.9819819819819819	0.6756756756756757	0.9009009009009009	2.147033736496301	0.09009009009009009	0.024774774774774775	0.02702702702702703	0.02702702702702703	NKG7;GNLY;GZMB;PRF1	CD4		0.0	0.0	0.0	0.0	0.0	0.9481531531531532
infection_study_07	T_NK_lineage	6	CD4 Naive / T Central Memory	2	111	0.9207770526635302	0.990990990990991	1.0	0.10854054054054053	0.3243243243243243	0.4328648648648648	0.5671351351351352	0.5671351351351352	0.0	1.0	0.670045045045045	0.990990990990991	0.6756756756756757	0.9009009009009009	1.8138013494635907	0.25225225225225223	0.05765765765765766	0.7207207207207207	0.7207207207207207	NKG7;GNLY;GZMB;PRF1;FOXP3	CD8B		0.0	0.0	0.0	0.0	0.0	0.5671351351351352
infection_study_07	T_NK_lineage	6	NK Cell	3	111	0.08984671422067081	0.08984671422067081	0.05405405405405406	0.2299099099099099	0.3243243243243243	0.5542342342342341	0.0	0.0	0.0	0.11711711711711711	0.016891891891891893	0.05405405405405406	0.0	0.02702702702702703	0.1005103952546578	0.4954954954954955	0.18918918918918917	0.7207207207207207	0.7207207207207207	TRAC;MS4A1;LST1	CD8B		0.0	0.0	0.0	0.0	0.0	0.0
infection_study_07	T_NK_lineage	6	CD4 T Effector Memory	4	111	0.1028987706784034	0.17117117117117117	0.05405405405405406	0.5	0.03074324324324324	0.5307432432432433	0.0	0.0	0.0	0.8828828828828829	0.17117117117117117	0.05405405405405406	0.0	0.02702702702702703	0.08735766923553887	0.990990990990991	0.6328828828828829	0.09009009009009009	0.024774774774774775	CCR7;TCF7;LEF1;FOXP3	NKG7;GNLY;GZMB;PRF1		0.0	0.0	0.0	0.0	0.0	0.0
infection_study_07	T_NK_lineage	6	Treg	5	111	0.3137046592806192	0.36936936936936937	0.36936936936936937	0.024504504504504507	0.4189189189189189	0.44342342342342345	0.0	0.0	0.0	0.5405405405405406	0.11196911196911197	0.36936936936936937	0.10810810810810811	0.1891891891891892	0.8917551764246157	0.05405405405405406	0.018018018018018018	0.9819819819819819	0.8288288288288288	NKG7;GNLY;GZMB	CCR7;TCF7		0.0	0.0	0.0	0.0	0.0	0.0
infection_study_07	T_NK_lineage	6	CD8 Cytotoxic / T Effector Memory	6	111	0.09333738048262255	0.10698198198198199	0.02702702702702703	0.5	0.010135135135135136	0.5101351351351351	0.0	0.0	0.0	0.7747747747747747	0.10698198198198199	0.02702702702702703	0.0	0.02702702702702703	0.06091049490408997	1.0	0.5923423423423424	0.02702702702702703	0.013513513513513514	CCR7;TCF7;LEF1;MS4A1	KLRD1;FCGR3A		0.0	0.0	0.0	0.0	0.0	0.0
infection_study_07	T_NK_lineage	6	gdT Cell	7	111	0.2698436788587039	0.2698436788587039	0.036036036036036036	0.11576576576576576	0.010135135135135136	0.1259009009009009	0.0	0.0	0.0	0.036036036036036036	0.009009009009009009	0.036036036036036036	0.0	0.018018018018018018	0.09928229007687879	0.23423423423423423	0.12162162162162163	0.02702702702702703	0.013513513513513514	MS4A1;LST1	NKG7;GNLY		0.0	0.0	0.0	0.0	0.0	0.0
infection_study_07	T_NK_lineage	6	MAIT Cell	8	111	0.6201244498406435	0.6201244498406435	0.02702702702702703	0.11576576576576576	0.01891891891891892	0.1346846846846847	0.0	0.0	0.0	0.9099099099099099	0.2576576576576577	0.02702702702702703	0.0	0.02702702702702703	0.1311508746630449	0.23423423423423423	0.12162162162162163	0.05405405405405406	0.018018018018018018	MS4A1;LST1	NKG7;GNLY;GZMB		0.0	0.0	0.0	0.0	0.0	0.0
infection_study_07	T_NK_lineage	6	NKT Cell	9	111	0.12186978297161936	0.1891891891891892	0.1891891891891892	0.11576576576576576	0.3243243243243243	0.44009009009009004	0.0	0.0	0.0	0.4864864864864865	0.1135135135135135	0.1891891891891892	0.0	0.1891891891891892	0.28233462112380064	0.23423423423423423	0.12162162162162163	0.7207207207207207	0.7207207207207207	MS4A1;LST1	CD8B		0.0	0.0	0.0	0.0	0.0	0.0
infection_study_07	T_NK_lineage	7	NKT Cell	1	108	0.9056761268781301	0.9907407407407407	1.0	0.027222222222222224	0.3333333333333333	0.3605555555555555	0.6394444444444445	0.6394444444444445	0.0	1.0	0.6833333333333333	0.9907407407407407	0.027777777777777776	0.9907407407407407	1.4184693407824935	0.05555555555555555	0.027777777777777776	0.7407407407407407	0.7407407407407407	MS4A1;LST1	CD8B		0.0	0.0	0.0	0.0	0.0	0.6394444444444445
infection_study_07	T_NK_lineage	7	CD8 Cytotoxic / T Effector Memory	2	108	0.9081803005008346	0.9907407407407407	1.0	0.044814814814814814	0.36319444444444443	0.40800925925925924	0.5919907407407408	0.5919907407407408	0.0	1.0	0.9236111111111112	0.9907407407407407	0.9814814814814815	0.9907407407407407	1.6462465037960232	0.10185185185185185	0.027777777777777776	0.8888888888888888	0.6435185185185186	CCR7;TCF7;LEF1;MS4A1	KLRD1;FCGR3A		0.0	0.0	0.0	0.0	0.0	0.5919907407407408
infection_study_07	T_NK_lineage	7	CD4 T Effector Memory	3	108	0.45925026559417215	0.9814814814814815	1.0	0.09717592592592593	0.4409722222222222	0.5381481481481482	0.46185185185185185	0.46185185185185185	0.0	1.0	0.3743386243386243	0.9814814814814815	0.21296296296296297	0.9814814814814815	1.3521940584639616	0.2222222222222222	0.057870370370370364	1.0	0.9398148148148149	CCR7;TCF7;LEF1;FOXP3	NKG7;GNLY;GZMB;PRF1		0.0	0.0	0.0	0.0	0.0	0.46185185185185185
infection_study_07	T_NK_lineage	7	NK Cell	4	108	0.8853392016998027	1.0	1.0	0.3035802469135802	0.3333333333333333	0.6	0.4	0.4	0.0	1.0	0.7881944444444445	1.0	0.9814814814814815	0.9907407407407407	1.5848411268635283	0.6666666666666666	0.22839506172839508	0.7407407407407407	0.7407407407407407	TRAC;MS4A1;LST1	CD8B		0.0	0.0	0.0	0.0	0.0	0.4
infection_study_07	T_NK_lineage	7	gdT Cell	5	108	0.6578388222795568	0.6578388222795568	0.7387407682074141	0.027222222222222224	0.44513888888888886	0.47236111111111106	0.266379657096303	0.266379657096303	0.0	0.6851851851851852	0.2800925925925926	0.6388888888888888	0.3055555555555556	0.4537037037037037	1.399407517274101	0.05555555555555555	0.027777777777777776	0.9907407407407407	0.9861111111111112	MS4A1;LST1	NKG7;GNLY		0.0	0.0	0.0	0.0	0.0	0.266379657096303
infection_study_07	T_NK_lineage	7	CD8 Naive / T Central Memory	6	108	0.35270906055547124	0.35270906055547124	0.06481481481481481	0.5	0.075	0.575	0.0	0.0	0.0	0.8611111111111112	0.23302469135802464	0.06481481481481481	0.0	0.06481481481481481	0.1619282752255154	1.0	0.9398148148148149	0.16666666666666666	0.16666666666666666	NKG7;GNLY;GZMB;PRF1	CD4		0.0	0.0	0.0	0.0	0.0	0.0
infection_study_07	T_NK_lineage	7	Treg	7	108	0.5069054484747306	0.5069054484747306	0.5056031416995134	0.5	0.024305555555555552	0.5243055555555556	0.0	0.0	0.0	0.7314814814814815	0.1798941798941799	0.4722222222222222	0.06481481481481481	0.37962962962962965	1.1335236779091646	0.9907407407407407	0.9660493827160495	0.06481481481481481	0.032407407407407406	NKG7;GNLY;GZMB	CCR7;TCF7		0.0	0.0	0.0	0.0	0.0	0.0
infection_study_07	T_NK_lineage	7	CD4 Naive / T Central Memory	8	108	0.28039156169373197	0.28039156169373197	0.2222222222222222	0.5	0.3333333333333333	0.6	0.0	0.0	0.0	0.6018518518518519	0.11689814814814814	0.2222222222222222	0.009259259259259259	0.16666666666666666	0.42078798294188785	1.0	0.7814814814814814	0.7407407407407407	0.7407407407407407	NKG7;GNLY;GZMB;PRF1;FOXP3	CD8B		0.0	0.0	0.0	0.0	0.0	0.0
infection_study_07	T_NK_lineage	7	MAIT Cell	9	108	0.32349370162391866	0.32349370162391866	0.1388888888888889	0.027222222222222224	0.44212962962962965	0.46935185185185185	0.0	0.0	0.0	0.5740740740740741	0.17037037037037037	0.1388888888888889	0.0	0.1388888888888889	0.5273690483206622	0.05555555555555555	0.027777777777777776	0.9907407407407407	0.9660493827160495	MS4A1;LST1	NKG7;GNLY;GZMB		0.0	0.0	0.0	0.0	0.0	0.0
infection_study_07	T_NK_lineage	8	CD8 Cytotoxic / T Effector Memory	1	103	0.61314311731674	0.970873786407767	1.0	0.14941747572815536	0.2366504854368932	0.3860679611650486	0.6139320388349514	0.6139320388349514	0.0	1.0	0.7354368932038835	0.970873786407767	0.6407766990291263	0.9611650485436893	1.6135648083475853	0.33980582524271846	0.09223300970873785	0.6019417475728155	0.3737864077669903	CCR7;TCF7;LEF1;MS4A1	KLRD1;FCGR3A		0.0	0.0	0.0	0.0	0.0	0.6139320388349514
infection_study_07	T_NK_lineage	8	NKT Cell	2	103	0.8580968280467446	0.970873786407767	1.0	0.11893203883495146	0.3320388349514563	0.45097087378640777	0.5490291262135922	0.5490291262135922	0.0	1.0	0.6135922330097088	0.970873786407767	0.04854368932038835	0.9611650485436893	1.3903095342823706	0.24271844660194175	0.12135922330097088	0.7378640776699029	0.7378640776699029	MS4A1;LST1	CD8B		0.0	0.0	0.0	0.0	0.0	0.5490291262135922
infection_study_07	T_NK_lineage	8	CD4 T Effector Memory	3	103	0.6342388829867962	0.9902912621359223	1.0	0.11669902912621359	0.38992718446601937	0.5066262135922329	0.4933737864077671	0.4933737864077671	0.0	1.0	0.45353675450762837	0.9902912621359223	0.5436893203883495	0.970873786407767	1.3642089405165299	0.2621359223300971	0.07766990291262135	0.970873786407767	0.6577669902912622	CCR7;TCF7;LEF1;FOXP3	NKG7;GNLY;GZMB;PRF1		0.0	0.0	0.0	0.0	0.0	0.4933737864077671
infection_study_07	T_NK_lineage	8	NK Cell	4	103	0.6043405676126878	0.9805825242718447	1.0	0.41249190938511326	0.3320388349514563	0.6	0.4	0.4	0.0	0.9902912621359223	0.5351941747572816	0.9805825242718447	0.7766990291262136	0.9611650485436893	1.5543722019983255	0.8737864077669902	0.3656957928802589	0.7378640776699029	0.7378640776699029	TRAC;MS4A1;LST1	CD8B		0.0	0.0	0.0	0.0	0.0	0.4
infection_study_07	T_NK_lineage	8	gdT Cell	5	103	0.6199726817422978	0.6199726817422978	0.6221003589665396	0.11893203883495146	0.4121359223300971	0.5310679611650486	0.09103239780149097	0.09103239780149097	0.0	0.6601941747572816	0.21359223300970875	0.5631067961165048	0.10679611650485436	0.32038834951456313	1.235974251400139	0.24271844660194175	0.12135922330097088	0.970873786407767	0.8058252427184467	MS4A1;LST1	NKG7;GNLY		0.0	0.0	0.0	0.0	0.0	0.09103239780149097
infection_study_07	T_NK_lineage	8	CD8 Naive / T Central Memory	6	103	0.5067536803763849	0.5067536803763849	0.14563106796116504	0.5	0.061165048543689315	0.5611650485436893	0.0	0.0	0.0	0.941747572815534	0.2977346278317152	0.14563106796116504	0.0	0.14563106796116504	0.3368459905813483	0.970873786407767	0.6577669902912622	0.13592233009708737	0.13592233009708737	NKG7;GNLY;GZMB;PRF1	CD4		0.0	0.0	0.0	0.0	0.0	0.0
infection_study_07	T_NK_lineage	8	Treg	7	103	0.551828805585066	0.551828805585066	0.48034108107567597	0.5	0.05461165048543688	0.5546116504854369	0.0	0.0	0.0	0.6990291262135923	0.1844660194174757	0.4563106796116505	0.05825242718446602	0.3106796116504854	1.0961216058561019	0.970873786407767	0.6893203883495147	0.14563106796116504	0.07281553398058252	NKG7;GNLY;GZMB	CCR7;TCF7		0.0	0.0	0.0	0.0	0.0	0.0
infection_study_07	T_NK_lineage	8	CD4 Naive / T Central Memory	8	103	0.45667020792229474	0.45667020792229474	0.2815533980582524	0.49067961165048546	0.3320388349514563	0.6	0.0	0.0	0.0	0.8349514563106796	0.17597087378640774	0.2815533980582524	0.0	0.14563106796116504	0.5282964098560136	0.970873786407767	0.5533980582524272	0.7378640776699029	0.7378640776699029	NKG7;GNLY;GZMB;PRF1;FOXP3	CD8B		0.0	0.0	0.0	0.0	0.0	0.0
infection_study_07	T_NK_lineage	8	MAIT Cell	9	103	0.606465320989528	0.606465320989528	0.3446438867451877	0.11893203883495146	0.3946601941747573	0.5135922330097087	0.0	0.0	0.0	0.7572815533980582	0.2563106796116505	0.3106796116504854	0.02912621359223301	0.24271844660194175	1.1358571003788092	0.24271844660194175	0.12135922330097088	0.970873786407767	0.6893203883495147	MS4A1;LST1	NKG7;GNLY;GZMB		0.0	0.0	0.0	0.0	0.0	0.0
infection_study_07	T_NK_lineage	9	NK Cell	1	92	0.3940658673546821	0.8260869565217391	0.9910298629959713	0.24355072463768118	0.08315217391304347	0.32670289855072465	0.6643269644452466	0.6643269644452466	0.0	0.9565217391304348	0.3315217391304348	0.8260869565217391	0.45652173913043476	0.6413043478260869	1.3119455389404069	0.5108695652173914	0.2246376811594203	0.18478260869565216	0.18478260869565216	TRAC;MS4A1;LST1	CD8B		0.0	0.0	0.0	0.0	0.0	0.6643269644452466
infection_study_07	T_NK_lineage	9	NKT Cell	2	92	0.5770223099104568	0.8369565217391305	0.8870796730593926	0.16869565217391302	0.08315217391304347	0.2518478260869565	0.6352318469724361	0.6352318469724361	0.0	0.9347826086956522	0.4413043478260869	0.8369565217391305	0.2826086956521739	0.6413043478260869	1.2004926052810485	0.33695652173913043	0.18478260869565216	0.18478260869565216	0.18478260869565216	MS4A1;LST1	CD8B		0.0	0.0	0.0	0.0	0.0	0.6352318469724361
infection_study_07	T_NK_lineage	9	CD8 Cytotoxic / T Effector Memory	3	92	0.33252390347548944	0.8152173913043478	0.9045938126891956	0.20869565217391306	0.09048913043478261	0.2991847826086957	0.6054090300805	0.6054090300805	0.0	0.9782608695652174	0.42391304347826086	0.8152173913043478	0.3804347826086957	0.6413043478260869	1.3575056855393912	0.4673913043478261	0.14130434782608697	0.2391304347826087	0.125	CCR7;TCF7;LEF1;MS4A1	KLRD1;FCGR3A		0.0	0.0	0.0	0.0	0.0	0.6054090300805
infection_study_07	T_NK_lineage	9	CD4 T Effector Memory	4	92	0.9326908483836698	0.9326908483836698	1.0	0.12532608695652173	0.3480978260869565	0.4734239130434782	0.5265760869565218	0.5265760869565218	0.0	1.0	0.6599378881987578	0.9130434782608695	0.5978260869565217	0.8695652173913043	1.2588575080023507	0.2826086956521739	0.08152173913043478	0.9239130434782609	0.47282608695652173	CCR7;TCF7;LEF1;FOXP3	NKG7;GNLY;GZMB;PRF1		0.0	0.0	0.0	0.0	0.0	0.5265760869565218
infection_study_07	T_NK_lineage	9	MAIT Cell	5	92	0.9752617999696465	0.9891304347826086	1.0	0.16869565217391302	0.30652173913043473	0.47521739130434776	0.5247826086956522	0.5247826086956522	0.0	1.0	0.6652173913043478	0.9891304347826086	0.43478260869565216	0.9782608695652174	3.538950894668376	0.33695652173913043	0.18478260869565216	0.8152173913043478	0.41304347826086957	MS4A1;LST1	NKG7;GNLY;GZMB		0.0	0.0	0.0	0.0	0.0	0.5247826086956522
infection_study_07	T_NK_lineage	9	gdT Cell	6	92	0.8256184550007588	0.8478260869565217	1.0	0.16869565217391302	0.3342391304347826	0.5029347826086956	0.4970652173913044	0.4970652173913044	0.0	0.9239130434782609	0.5625	0.8478260869565217	0.44565217391304346	0.8043478260869565	1.8500059026381932	0.33695652173913043	0.18478260869565216	0.8152173913043478	0.5978260869565217	MS4A1;LST1	NKG7;GNLY		0.0	0.0	0.0	0.0	0.0	0.4970652173913044
infection_study_07	T_NK_lineage	9	CD8 Naive / T Central Memory	7	92	0.4079526483533161	0.4079526483533161	0.2717391304347826	0.45510869565217393	0.0048913043478260865	0.46	0.0	0.0	0.0	0.9347826086956522	0.2554347826086956	0.2717391304347826	0.03260869565217391	0.2608695652173913	0.609792747168665	0.9239130434782609	0.47282608695652173	0.010869565217391304	0.010869565217391304	NKG7;GNLY;GZMB;PRF1	CD4		0.0	0.0	0.0	0.0	0.0	0.0
infection_study_07	T_NK_lineage	9	CD4 Naive / T Central Memory	8	92	0.6028987706784035	0.6028987706784035	0.2717391304347826	0.43891304347826093	0.08315217391304347	0.5220652173913044	0.0	0.0	0.0	0.9891304347826086	0.26766304347826086	0.2717391304347826	0.03260869565217391	0.2608695652173913	0.5105129012933409	0.9347826086956522	0.3804347826086957	0.18478260869565216	0.18478260869565216	NKG7;GNLY;GZMB;PRF1;FOXP3	CD8B		0.0	0.0	0.0	0.0	0.0	0.0
infection_study_07	T_NK_lineage	9	Treg	9	92	0.6340871148884504	0.6340871148884504	0.16304347826086957	0.4006521739130435	0.1043478260869565	0.505	0.0	0.0	0.0	0.8913043478260869	0.17857142857142858	0.16304347826086957	0.0	0.14130434782608695	0.4067603500571657	0.8152173913043478	0.41304347826086957	0.2717391304347826	0.15217391304347827	NKG7;GNLY;GZMB	CCR7;TCF7		0.0	0.0	0.0	0.0	0.0	0.0
