study	lineage	cluster	n_cells	review_priority	priority_score	review_reasons	suggested_action	final_label	marker_assignment	raw_marker_winner	assignment_reason	marker_score	best_total_score	score_margin	top_celltypist	top_panhuman_fine	top_screfmapping	llm_review_packet
infection_study_07	B_lineage	0	86	high	8	parent_or_broad_final_label;marker_assignment_disagrees_with_final;ambiguous_or_missing_label_candidate;screfmapping_not_available	check_if_finer_official_label_is_supported	B Cell	Plasma Cell	Plasma Cell	raw_marker_winner	0.8844961240310077	0.8844961240310077	0.10274830994373985	not_available:86	not_available:86	not_available:86	Study=infection_study_07; lineage=B_lineage; cluster=0; cells=86; final=B Cell; marker_assignment=Plasma Cell; raw_marker_winner=Plasma Cell; assignment_reason=raw_marker_winner; marker_score=0.884; best_total_score=0.884; score_margin=0.103; CellTypist=not_available:86; PanHuman=not_available:86; scRefMap=not_available:86; review_reasons=parent_or_broad_final_label,marker_assignment_disagrees_with_final,ambiguous_or_missing_label_candidate,screfmapping_not_available.
infection_study_07	B_lineage	1	80	medium	6	parent_or_broad_final_label;marker_assignment_disagrees_with_final;screfmapping_not_available	check_if_finer_official_label_is_supported	B Cell	Memory B Cell	Memory B Cell	raw_marker_winner	0.8991980178588951	0.8991980178588951	0.559323017858895	not_available:80	not_available:80	not_available:80	Study=infection_study_07; lineage=B_lineage; cluster=1; cells=80; final=B Cell; marker_assignment=Memory B Cell; raw_marker_winner=Memory B Cell; assignment_reason=raw_marker_winner; marker_score=0.899; best_total_score=0.899; score_margin=0.559; CellTypist=not_available:80; PanHuman=not_available:80; scRefMap=not_available:80; review_reasons=parent_or_broad_final_label,marker_assignment_disagrees_with_final,screfmapping_not_available.
infection_study_07	B_lineage	10	31	high	8	parent_or_broad_final_label;marker_assignment_disagrees_with_final;screfmapping_not_available;low_total_score_or_margin	check_if_finer_official_label_is_supported	B Cell	Memory B Cell	Memory B Cell	raw_marker_winner	0.6517702843432378	0.6517702843432378	0.1767165209023776	not_available:31	not_available:31	not_available:31	Study=infection_study_07; lineage=B_lineage; cluster=10; cells=31; final=B Cell; marker_assignment=Memory B Cell; raw_marker_winner=Memory B Cell; assignment_reason=raw_marker_winner; marker_score=0.652; best_total_score=0.652; score_margin=0.177; CellTypist=not_available:31; PanHuman=not_available:31; scRefMap=not_available:31; review_reasons=parent_or_broad_final_label,marker_assignment_disagrees_with_final,screfmapping_not_available,low_total_score_or_margin.
infection_study_07	B_lineage	11	31	high	10	parent_or_broad_final_label;marker_assignment_disagrees_with_final;ambiguous_or_missing_label_candidate;screfmapping_not_available;low_total_score_or_margin	check_if_finer_official_label_is_supported	B Cell	Plasma Cell	Plasma Cell	raw_marker_winner	0.5551612903225807	0.5551612903225807	0.17952600902679872	not_available:31	not_available:31	not_available:31	Study=infection_study_07; lineage=B_lineage; cluster=11; cells=31; final=B Cell; marker_assignment=Plasma Cell; raw_marker_winner=Plasma Cell; assignment_reason=raw_marker_winner; marker_score=0.555; best_total_score=0.555; score_margin=0.180; CellTypist=not_available:31; PanHuman=not_available:31; scRefMap=not_available:31; review_reasons=parent_or_broad_final_label,marker_assignment_disagrees_with_final,ambiguous_or_missing_label_candidate,screfmapping_not_available,low_total_score_or_margin.
infection_study_07	B_lineage	12	30	high	10	parent_or_broad_final_label;marker_assignment_disagrees_with_final;ambiguous_or_missing_label_candidate;screfmapping_not_available;low_total_score_or_margin	check_if_finer_official_label_is_supported	B Cell	Plasma Cell	Plasma Cell	raw_marker_winner	0.5850494188690227	0.5850494188690227	0.23904941886902276	not_available:30	not_available:30	not_available:30	Study=infection_study_07; lineage=B_lineage; cluster=12; cells=30; final=B Cell; marker_assignment=Plasma Cell; raw_marker_winner=Plasma Cell; assignment_reason=raw_marker_winner; marker_score=0.585; best_total_score=0.585; score_margin=0.239; CellTypist=not_available:30; PanHuman=not_available:30; scRefMap=not_available:30; review_reasons=parent_or_broad_final_label,marker_assignment_disagrees_with_final,ambiguous_or_missing_label_candidate,screfmapping_not_available,low_total_score_or_margin.
infection_study_07	B_lineage	13	25	high	10	parent_or_broad_final_label;marker_assignment_disagrees_with_final;ambiguous_or_missing_label_candidate;screfmapping_not_available;low_total_score_or_margin	check_if_finer_official_label_is_supported	B Cell	Plasma Cell	Plasma Cell	raw_marker_winner	0.6144000000000001	0.6144000000000001	0.05900000000000005	not_available:25	not_available:25	not_available:25	Study=infection_study_07; lineage=B_lineage; cluster=13; cells=25; final=B Cell; marker_assignment=Plasma Cell; raw_marker_winner=Plasma Cell; assignment_reason=raw_marker_winner; marker_score=0.614; best_total_score=0.614; score_margin=0.059; CellTypist=not_available:25; PanHuman=not_available:25; scRefMap=not_available:25; review_reasons=parent_or_broad_final_label,marker_assignment_disagrees_with_final,ambiguous_or_missing_label_candidate,screfmapping_not_available,low_total_score_or_margin.
infection_study_07	B_lineage	14	24	high	8	parent_or_broad_final_label;marker_assignment_disagrees_with_final;screfmapping_not_available;low_total_score_or_margin	check_if_finer_official_label_is_supported	B Cell	Memory B Cell	Memory B Cell	raw_marker_winner	0.677338092434501	0.677338092434501	0.11764978467658949	not_available:24	not_available:24	not_available:24	Study=infection_study_07; lineage=B_lineage; cluster=14; cells=24; final=B Cell; marker_assignment=Memory B Cell; raw_marker_winner=Memory B Cell; assignment_reason=raw_marker_winner; marker_score=0.677; best_total_score=0.677; score_margin=0.118; CellTypist=not_available:24; PanHuman=not_available:24; scRefMap=not_available:24; review_reasons=parent_or_broad_final_label,marker_assignment_disagrees_with_final,screfmapping_not_available,low_total_score_or_margin.
infection_study_07	B_lineage	15	11	medium	6	parent_or_broad_final_label;marker_assignment_disagrees_with_final;screfmapping_not_available	check_if_finer_official_label_is_supported	B Cell	Memory B Cell	Memory B Cell	raw_marker_winner	0.793939393939394	0.793939393939394	0.5339393939393939	not_available:11	not_available:11	not_available:11	Study=infection_study_07; lineage=B_lineage; cluster=15; cells=11; final=B Cell; marker_assignment=Memory B Cell; raw_marker_winner=Memory B Cell; assignment_reason=raw_marker_winner; marker_score=0.794; best_total_score=0.794; score_margin=0.534; CellTypist=not_available:11; PanHuman=not_available:11; scRefMap=not_available:11; review_reasons=parent_or_broad_final_label,marker_assignment_disagrees_with_final,screfmapping_not_available.
infection_study_07	B_lineage	16	11	high	8	parent_or_broad_final_label;marker_assignment_disagrees_with_final;screfmapping_not_available;low_total_score_or_margin	check_if_finer_official_label_is_supported	B Cell	Memory B Cell	Memory B Cell	raw_marker_winner	0.5042424242424242	0.5042424242424242	0.00853776676163387	not_available:11	not_available:11	not_available:11	Study=infection_study_07; lineage=B_lineage; cluster=16; cells=11; final=B Cell; marker_assignment=Memory B Cell; raw_marker_winner=Memory B Cell; assignment_reason=raw_marker_winner; marker_score=0.504; best_total_score=0.504; score_margin=0.009; CellTypist=not_available:11; PanHuman=not_available:11; scRefMap=not_available:11; review_reasons=parent_or_broad_final_label,marker_assignment_disagrees_with_final,screfmapping_not_available,low_total_score_or_margin.
infection_study_07	B_lineage	2	74	medium	6	parent_or_broad_final_label;marker_assignment_disagrees_with_final;screfmapping_not_available	check_if_finer_official_label_is_supported	B Cell	Memory B Cell	Memory B Cell	raw_marker_winner	0.8796396396396396	0.8796396396396396	0.6426126126126126	not_available:74	not_available:74	not_available:74	Study=infection_study_07; lineage=B_lineage; cluster=2; cells=74; final=B Cell; marker_assignment=Memory B Cell; raw_marker_winner=Memory B Cell; assignment_reason=raw_marker_winner; marker_score=0.880; best_total_score=0.880; score_margin=0.643; CellTypist=not_available:74; PanHuman=not_available:74; scRefMap=not_available:74; review_reasons=parent_or_broad_final_label,marker_assignment_disagrees_with_final,screfmapping_not_available.
infection_study_07	B_lineage	3	48	medium	6	parent_or_broad_final_label;marker_assignment_disagrees_with_final;screfmapping_not_available	check_if_finer_official_label_is_supported	B Cell	Memory B Cell	Memory B Cell	raw_marker_winner	0.915	0.915	0.3811111111111112	not_available:48	not_available:48	not_available:48	Study=infection_study_07; lineage=B_lineage; cluster=3; cells=48; final=B Cell; marker_assignment=Memory B Cell; raw_marker_winner=Memory B Cell; assignment_reason=raw_marker_winner; marker_score=0.915; best_total_score=0.915; score_margin=0.381; CellTypist=not_available:48; PanHuman=not_available:48; scRefMap=not_available:48; review_reasons=parent_or_broad_final_label,marker_assignment_disagrees_with_final,screfmapping_not_available.
infection_study_07	B_lineage	4	47	high	10	parent_or_broad_final_label;marker_assignment_disagrees_with_final;ambiguous_or_missing_label_candidate;screfmapping_not_available;low_total_score_or_margin	check_if_finer_official_label_is_supported	B Cell	Plasma Cell	Plasma Cell	raw_marker_winner	0.7403546099290781	0.7403546099290781	0.26342892036542587	not_available:47	not_available:47	not_available:47	Study=infection_study_07; lineage=B_lineage; cluster=4; cells=47; final=B Cell; marker_assignment=Plasma Cell; raw_marker_winner=Plasma Cell; assignment_reason=raw_marker_winner; marker_score=0.740; best_total_score=0.740; score_margin=0.263; CellTypist=not_available:47; PanHuman=not_available:47; scRefMap=not_available:47; review_reasons=parent_or_broad_final_label,marker_assignment_disagrees_with_final,ambiguous_or_missing_label_candidate,screfmapping_not_available,low_total_score_or_margin.
infection_study_07	B_lineage	5	40	high	10	parent_or_broad_final_label;marker_assignment_disagrees_with_final;ambiguous_or_missing_label_candidate;screfmapping_not_available;low_total_score_or_margin	check_if_finer_official_label_is_supported	B Cell	Plasma Cell	Plasma Cell	raw_marker_winner	0.7142499999999999	0.7142499999999999	0.17826651243252256	not_available:40	not_available:40	not_available:40	Study=infection_study_07; lineage=B_lineage; cluster=5; cells=40; final=B Cell; marker_assignment=Plasma Cell; raw_marker_winner=Plasma Cell; assignment_reason=raw_marker_winner; marker_score=0.714; best_total_score=0.714; score_margin=0.178; CellTypist=not_available:40; PanHuman=not_available:40; scRefMap=not_available:40; review_reasons=parent_or_broad_final_label,marker_assignment_disagrees_with_final,ambiguous_or_missing_label_candidate,screfmapping_not_available,low_total_score_or_margin.
infection_study_07	B_lineage	6	39	high	10	parent_or_broad_final_label;marker_assignment_disagrees_with_final;ambiguous_or_missing_label_candidate;screfmapping_not_available;low_total_score_or_margin	check_if_finer_official_label_is_supported	B Cell	Plasma Cell	Plasma Cell	raw_marker_winner	0.6004273504273504	0.6004273504273504	0.163099106927657	not_available:39	not_available:39	not_available:39	Study=infection_study_07; lineage=B_lineage; cluster=6; cells=39; final=B Cell; marker_assignment=Plasma Cell; raw_marker_winner=Plasma Cell; assignment_reason=raw_marker_winner; marker_score=0.600; best_total_score=0.600; score_margin=0.163; CellTypist=not_available:39; PanHuman=not_available:39; scRefMap=not_available:39; review_reasons=parent_or_broad_final_label,marker_assignment_disagrees_with_final,ambiguous_or_missing_label_candidate,screfmapping_not_available,low_total_score_or_margin.
infection_study_07	B_lineage	7	36	medium	6	parent_or_broad_final_label;marker_assignment_disagrees_with_final;screfmapping_not_available	check_if_finer_official_label_is_supported	B Cell	Memory B Cell	Memory B Cell	raw_marker_winner	0.8175925925925926	0.8175925925925926	0.5219444444444445	not_available:36	not_available:36	not_available:36	Study=infection_study_07; lineage=B_lineage; cluster=7; cells=36; final=B Cell; marker_assignment=Memory B Cell; raw_marker_winner=Memory B Cell; assignment_reason=raw_marker_winner; marker_score=0.818; best_total_score=0.818; score_margin=0.522; CellTypist=not_available:36; PanHuman=not_available:36; scRefMap=not_available:36; review_reasons=parent_or_broad_final_label,marker_assignment_disagrees_with_final,screfmapping_not_available.
infection_study_07	B_lineage	8	35	high	8	parent_or_broad_final_label;marker_assignment_disagrees_with_final;ambiguous_or_missing_label_candidate;screfmapping_not_available	check_if_finer_official_label_is_supported	B Cell	Plasma Cell	Plasma Cell	raw_marker_winner	0.8346864248600547	0.8346864248600547	0.1933593680822382	not_available:35	not_available:35	not_available:35	Study=infection_study_07; lineage=B_lineage; cluster=8; cells=35; final=B Cell; marker_assignment=Plasma Cell; raw_marker_winner=Plasma Cell; assignment_reason=raw_marker_winner; marker_score=0.835; best_total_score=0.835; score_margin=0.193; CellTypist=not_available:35; PanHuman=not_available:35; scRefMap=not_available:35; review_reasons=parent_or_broad_final_label,marker_assignment_disagrees_with_final,ambiguous_or_missing_label_candidate,screfmapping_not_available.
infection_study_07	B_lineage	9	31	high	10	parent_or_broad_final_label;marker_assignment_disagrees_with_final;ambiguous_or_missing_label_candidate;screfmapping_not_available;low_total_score_or_margin	check_if_finer_official_label_is_supported	B Cell	Plasma Cell	Plasma Cell	raw_marker_winner	0.7182795698924731	0.7182795698924731	0.019695841392974978	not_available:31	not_available:31	not_available:31	Study=infection_study_07; lineage=B_lineage; cluster=9; cells=31; final=B Cell; marker_assignment=Plasma Cell; raw_marker_winner=Plasma Cell; assignment_reason=raw_marker_winner; marker_score=0.718; best_total_score=0.718; score_margin=0.020; CellTypist=not_available:31; PanHuman=not_available:31; scRefMap=not_available:31; review_reasons=parent_or_broad_final_label,marker_assignment_disagrees_with_final,ambiguous_or_missing_label_candidate,screfmapping_not_available,low_total_score_or_margin.
infection_study_07	T_NK_lineage	0	189	medium	6	parent_or_broad_final_label;marker_assignment_disagrees_with_final;screfmapping_not_available	check_if_finer_official_label_is_supported	T Cell	CD8 Naive / T Central Memory	CD8 Naive / T Central Memory	raw_marker_winner	0.9562698412698413	0.9562698412698413	0.5084391534391535	not_available:189	not_available:189	not_available:189	Study=infection_study_07; lineage=T_NK_lineage; cluster=0; cells=189; final=T Cell; marker_assignment=CD8 Naive / T Central Memory; raw_marker_winner=CD8 Naive / T Central Memory; assignment_reason=raw_marker_winner; marker_score=0.956; best_total_score=0.956; score_margin=0.508; CellTypist=not_available:189; PanHuman=not_available:189; scRefMap=not_available:189; review_reasons=parent_or_broad_final_label,marker_assignment_disagrees_with_final,screfmapping_not_available.
infection_study_07	T_NK_lineage	1	163	high	8	parent_or_broad_final_label;marker_assignment_disagrees_with_final;screfmapping_not_available;low_total_score_or_margin	check_if_finer_official_label_is_supported	T Cell	CD8 Naive / T Central Memory	CD8 Naive / T Central Memory	raw_marker_winner	0.7114110429447853	0.7114110429447853	0.11892051011727789	not_available:163	not_available:163	not_available:163	Study=infection_study_07; lineage=T_NK_lineage; cluster=1; cells=163; final=T Cell; marker_assignment=CD8 Naive / T Central Memory; raw_marker_winner=CD8 Naive / T Central Memory; assignment_reason=raw_marker_winner; marker_score=0.711; best_total_score=0.711; score_margin=0.119; CellTypist=not_available:163; PanHuman=not_available:163; scRefMap=not_available:163; review_reasons=parent_or_broad_final_label,marker_assignment_disagrees_with_final,screfmapping_not_available,low_total_score_or_margin.
infection_study_07	T_NK_lineage	10	91	high	10	parent_or_broad_final_label;marker_assignment_disagrees_with_final;ambiguous_or_missing_label_candidate;screfmapping_not_available;low_total_score_or_margin	check_if_finer_official_label_is_supported	T Cell	NKT Cell	NKT Cell	raw_marker_winner	0.6013186813186813	0.6013186813186813	0.06291208791208791	not_available:91	not_available:91	not_available:91	Study=infection_study_07; lineage=T_NK_lineage; cluster=10; cells=91; final=T Cell; marker_assignment=NKT Cell; raw_marker_winner=NKT Cell; assignment_reason=raw_marker_winner; marker_score=0.601; best_total_score=0.601; score_margin=0.063; CellTypist=not_available:91; PanHuman=not_available:91; scRefMap=not_available:91; review_reasons=parent_or_broad_final_label,marker_assignment_disagrees_with_final,ambiguous_or_missing_label_candidate,screfmapping_not_available,low_total_score_or_margin.
infection_study_07	T_NK_lineage	11	84	high	10	parent_or_broad_final_label;marker_assignment_disagrees_with_final;ambiguous_or_missing_label_candidate;screfmapping_not_available;low_total_score_or_margin	check_if_finer_official_label_is_supported	T Cell	NKT Cell	NKT Cell	raw_marker_winner	0.6815476190476191	0.6815476190476191	0.12976190476190474	not_available:84	not_available:84	not_available:84	Study=infection_study_07; lineage=T_NK_lineage; cluster=11; cells=84; final=T Cell; marker_assignment=NKT Cell; raw_marker_winner=NKT Cell; assignment_reason=raw_marker_winner; marker_score=0.682; best_total_score=0.682; score_margin=0.130; CellTypist=not_available:84; PanHuman=not_available:84; scRefMap=not_available:84; review_reasons=parent_or_broad_final_label,marker_assignment_disagrees_with_final,ambiguous_or_missing_label_candidate,screfmapping_not_available,low_total_score_or_margin.
infection_study_07	T_NK_lineage	12	65	high	8	parent_or_broad_final_label;marker_assignment_disagrees_with_final;screfmapping_not_available;low_total_score_or_margin	check_if_finer_official_label_is_supported	T Cell	CD8 Cytotoxic / T Effector Memory	CD8 Cytotoxic / T Effector Memory	raw_marker_winner	0.5520605780723296	0.5520605780723296	0.028252885764637248	not_available:65	not_available:65	not_available:65	Study=infection_study_07; lineage=T_NK_lineage; cluster=12; cells=65; final=T Cell; marker_assignment=CD8 Cytotoxic / T Effector Memory; raw_marker_winner=CD8 Cytotoxic / T Effector Memory; assignment_reason=raw_marker_winner; marker_score=0.552; best_total_score=0.552; score_margin=0.028; CellTypist=not_available:65; PanHuman=not_available:65; scRefMap=not_available:65; review_reasons=parent_or_broad_final_label,marker_assignment_disagrees_with_final,screfmapping_not_available,low_total_score_or_margin.
infection_study_07	T_NK_lineage	13	58	high	10	parent_or_broad_final_label;marker_assignment_disagrees_with_final;ambiguous_or_missing_label_candidate;screfmapping_not_available;low_total_score_or_margin	check_if_finer_official_label_is_supported	T Cell	NKT Cell	NKT Cell	raw_marker_winner	0.7362068965517241	0.7362068965517241	0.18491379310344824	not_available:58	not_available:58	not_available:58	Study=infection_study_07; lineage=T_NK_lineage; cluster=13; cells=58; final=T Cell; marker_assignment=NKT Cell; raw_marker_winner=NKT Cell; assignment_reason=raw_marker_winner; marker_score=0.736; best_total_score=0.736; score_margin=0.185; CellTypist=not_available:58; PanHuman=not_available:58; scRefMap=not_available:58; review_reasons=parent_or_broad_final_label,marker_assignment_disagrees_with_final,ambiguous_or_missing_label_candidate,screfmapping_not_available,low_total_score_or_margin.
infection_study_07	T_NK_lineage	14	57	high	10	parent_or_broad_final_label;marker_assignment_disagrees_with_final;ambiguous_or_missing_label_candidate;screfmapping_not_available;low_total_score_or_margin	check_if_finer_official_label_is_supported	T Cell	NKT Cell	NKT Cell	raw_marker_winner	0.5533333333333333	0.5533333333333333	0.009122807017543866	not_available:57	not_available:57	not_available:57	Study=infection_study_07; lineage=T_NK_lineage; cluster=14; cells=57; final=T Cell; marker_assignment=NKT Cell; raw_marker_winner=NKT Cell; assignment_reason=raw_marker_winner; marker_score=0.553; best_total_score=0.553; score_margin=0.009; CellTypist=not_available:57; PanHuman=not_available:57; scRefMap=not_available:57; review_reasons=parent_or_broad_final_label,marker_assignment_disagrees_with_final,ambiguous_or_missing_label_candidate,screfmapping_not_available,low_total_score_or_margin.
infection_study_07	T_NK_lineage	15	50	high	10	parent_or_broad_final_label;marker_assignment_disagrees_with_final;ambiguous_or_missing_label_candidate;screfmapping_not_available;low_total_score_or_margin	check_if_finer_official_label_is_supported	T Cell	NKT Cell	NKT Cell	raw_marker_winner	0.6654	0.6654	0.13349999999999995	not_available:50	not_available:50	not_available:50	Study=infection_study_07; lineage=T_NK_lineage; cluster=15; cells=50; final=T Cell; marker_assignment=NKT Cell; raw_marker_winner=NKT Cell; assignment_reason=raw_marker_winner; marker_score=0.665; best_total_score=0.665; score_margin=0.133; CellTypist=not_available:50; PanHuman=not_available:50; scRefMap=not_available:50; review_reasons=parent_or_broad_final_label,marker_assignment_disagrees_with_final,ambiguous_or_missing_label_candidate,screfmapping_not_available,low_total_score_or_margin.
infection_study_07	T_NK_lineage	16	44	high	10	parent_or_broad_final_label;marker_assignment_disagrees_with_final;ambiguous_or_missing_label_candidate;screfmapping_not_available;low_total_score_or_margin	check_if_finer_official_label_is_supported	T Cell	NKT Cell	NKT Cell	raw_marker_winner	0.6061363636363637	0.6061363636363637	0.0420454545454545	not_available:44	not_available:44	not_available:44	Study=infection_study_07; lineage=T_NK_lineage; cluster=16; cells=44; final=T Cell; marker_assignment=NKT Cell; raw_marker_winner=NKT Cell; assignment_reason=raw_marker_winner; marker_score=0.606; best_total_score=0.606; score_margin=0.042; CellTypist=not_available:44; PanHuman=not_available:44; scRefMap=not_available:44; review_reasons=parent_or_broad_final_label,marker_assignment_disagrees_with_final,ambiguous_or_missing_label_candidate,screfmapping_not_available,low_total_score_or_margin.
infection_study_07	T_NK_lineage	17	32	high	8	parent_or_broad_final_label;marker_assignment_disagrees_with_final;screfmapping_not_available;low_total_score_or_margin	check_if_finer_official_label_is_supported	T Cell	CD8 Cytotoxic / T Effector Memory	CD8 Cytotoxic / T Effector Memory	raw_marker_winner	0.53640625	0.53640625	0.11835937499999993	not_available:32	not_available:32	not_available:32	Study=infection_study_07; lineage=T_NK_lineage; cluster=17; cells=32; final=T Cell; marker_assignment=CD8 Cytotoxic / T Effector Memory; raw_marker_winner=CD8 Cytotoxic / T Effector Memory; assignment_reason=raw_marker_winner; marker_score=0.536; best_total_score=0.536; score_margin=0.118; CellTypist=not_available:32; PanHuman=not_available:32; scRefMap=not_available:32; review_reasons=parent_or_broad_final_label,marker_assignment_disagrees_with_final,screfmapping_not_available,low_total_score_or_margin.
infection_study_07	T_NK_lineage	18	17	high	10	parent_or_broad_final_label;marker_assignment_disagrees_with_final;ambiguous_or_missing_label_candidate;screfmapping_not_available;low_total_score_or_margin	check_if_finer_official_label_is_supported	T Cell	Treg	Treg	raw_marker_winner	0.4697123716049657	0.4697123716049657	0.08250657595919153	not_available:17	not_available:17	not_available:17	Study=infection_study_07; lineage=T_NK_lineage; cluster=18; cells=17; final=T Cell; marker_assignment=Treg; raw_marker_winner=Treg; assignment_reason=raw_marker_winner; marker_score=0.470; best_total_score=0.470; score_margin=0.083; CellTypist=not_available:17; PanHuman=not_available:17; scRefMap=not_available:17; review_reasons=parent_or_broad_final_label,marker_assignment_disagrees_with_final,ambiguous_or_missing_label_candidate,screfmapping_not_available,low_total_score_or_margin.
infection_study_07	T_NK_lineage	2	155	high	10	parent_or_broad_final_label;marker_assignment_disagrees_with_final;ambiguous_or_missing_label_candidate;screfmapping_not_available;low_total_score_or_margin	check_if_finer_official_label_is_supported	T Cell	NKT Cell	NKT Cell	raw_marker_winner	0.5975483870967742	0.5975483870967742	0.029354838709677367	not_available:155	not_available:155	not_available:155	Study=infection_study_07; lineage=T_NK_lineage; cluster=2; cells=155; final=T Cell; marker_assignment=NKT Cell; raw_marker_winner=NKT Cell; assignment_reason=raw_marker_winner; marker_score=0.598; best_total_score=0.598; score_margin=0.029; CellTypist=not_available:155; PanHuman=not_available:155; scRefMap=not_available:155; review_reasons=parent_or_broad_final_label,marker_assignment_disagrees_with_final,ambiguous_or_missing_label_candidate,screfmapping_not_available,low_total_score_or_margin.
infection_study_07	T_NK_lineage	3	152	high	8	parent_or_broad_final_label;marker_assignment_disagrees_with_final;screfmapping_not_available;low_total_score_or_margin	check_if_finer_official_label_is_supported	T Cell	CD4 T Effector Memory	CD4 T Effector Memory	raw_marker_winner	0.4418421052631579	0.4418421052631579	0.052304654129713135	not_available:152	not_available:152	not_available:152	Study=infection_study_07; lineage=T_NK_lineage; cluster=3; cells=152; final=T Cell; marker_assignment=CD4 T Effector Memory; raw_marker_winner=CD4 T Effector Memory; assignment_reason=raw_marker_winner; marker_score=0.442; best_total_score=0.442; score_margin=0.052; CellTypist=not_available:152; PanHuman=not_available:152; scRefMap=not_available:152; review_reasons=parent_or_broad_final_label,marker_assignment_disagrees_with_final,screfmapping_not_available,low_total_score_or_margin.
infection_study_07	T_NK_lineage	4	120	medium	6	parent_or_broad_final_label;marker_assignment_disagrees_with_final;screfmapping_not_available	check_if_finer_official_label_is_supported	T Cell	CD8 Naive / T Central Memory	CD8 Naive / T Central Memory	raw_marker_winner	0.94175	0.94175	0.54175	not_available:120	not_available:120	not_available:120	Study=infection_study_07; lineage=T_NK_lineage; cluster=4; cells=120; final=T Cell; marker_assignment=CD8 Naive / T Central Memory; raw_marker_winner=CD8 Naive / T Central Memory; assignment_reason=raw_marker_winner; marker_score=0.942; best_total_score=0.942; score_margin=0.542; CellTypist=not_available:120; PanHuman=not_available:120; scRefMap=not_available:120; review_reasons=parent_or_broad_final_label,marker_assignment_disagrees_with_final,screfmapping_not_available.
infection_study_07	T_NK_lineage	5	112	high	8	parent_or_broad_final_label;marker_assignment_disagrees_with_final;screfmapping_not_available;low_total_score_or_margin	check_if_finer_official_label_is_supported	T Cell	CD8 Naive / T Central Memory	CD8 Naive / T Central Memory	raw_marker_winner	0.6317051719325834	0.6317051719325834	0.22980785050401198	not_available:112	not_available:112	not_available:112	Study=infection_study_07; lineage=T_NK_lineage; cluster=5; cells=112; final=T Cell; marker_assignment=CD8 Naive / T Central Memory; raw_marker_winner=CD8 Naive / T Central Memory; assignment_reason=raw_marker_winner; marker_score=0.632; best_total_score=0.632; score_margin=0.230; CellTypist=not_available:112; PanHuman=not_available:112; scRefMap=not_available:112; review_reasons=parent_or_broad_final_label,marker_assignment_disagrees_with_final,screfmapping_not_available,low_total_score_or_margin.
infection_study_07	T_NK_lineage	6	111	medium	6	parent_or_broad_final_label;marker_assignment_disagrees_with_final;screfmapping_not_available	check_if_finer_official_label_is_supported	T Cell	CD8 Naive / T Central Memory	CD8 Naive / T Central Memory	raw_marker_winner	0.9481531531531532	0.9481531531531532	0.38101801801801793	not_available:111	not_available:111	not_available:111	Study=infection_study_07; lineage=T_NK_lineage; cluster=6; cells=111; final=T Cell; marker_assignment=CD8 Naive / T Central Memory; raw_marker_winner=CD8 Naive / T Central Memory; assignment_reason=raw_marker_winner; marker_score=0.948; best_total_score=0.948; score_margin=0.381; CellTypist=not_available:111; PanHuman=not_available:111; scRefMap=not_available:111; review_reasons=parent_or_broad_final_label,marker_assignment_disagrees_with_final,screfmapping_not_available.
infection_study_07	T_NK_lineage	7	108	high	10	parent_or_broad_final_label;marker_assignment_disagrees_with_final;ambiguous_or_missing_label_candidate;screfmapping_not_available;low_total_score_or_margin	check_if_finer_official_label_is_supported	T Cell	NKT Cell	NKT Cell	raw_marker_winner	0.6394444444444445	0.6394444444444445	0.04745370370370372	not_available:108	not_available:108	not_available:108	Study=infection_study_07; lineage=T_NK_lineage; cluster=7; cells=108; final=T Cell; marker_assignment=NKT Cell; raw_marker_winner=NKT Cell; assignment_reason=raw_marker_winner; marker_score=0.639; best_total_score=0.639; score_margin=0.047; CellTypist=not_available:108; PanHuman=not_available:108; scRefMap=not_available:108; review_reasons=parent_or_broad_final_label,marker_assignment_disagrees_with_final,ambiguous_or_missing_label_candidate,screfmapping_not_available,low_total_score_or_margin.
infection_study_07	T_NK_lineage	8	103	high	8	parent_or_broad_final_label;marker_assignment_disagrees_with_final;screfmapping_not_available;low_total_score_or_margin	check_if_finer_official_label_is_supported	T Cell	CD8 Cytotoxic / T Effector Memory	CD8 Cytotoxic / T Effector Memory	raw_marker_winner	0.6139320388349514	0.6139320388349514	0.06490291262135917	not_available:103	not_available:103	not_available:103	Study=infection_study_07; lineage=T_NK_lineage; cluster=8; cells=103; final=T Cell; marker_assignment=CD8 Cytotoxic / T Effector Memory; raw_marker_winner=CD8 Cytotoxic / T Effector Memory; assignment_reason=raw_marker_winner; marker_score=0.614; best_total_score=0.614; score_margin=0.065; CellTypist=not_available:103; PanHuman=not_available:103; scRefMap=not_available:103; review_reasons=parent_or_broad_final_label,marker_assignment_disagrees_with_final,screfmapping_not_available,low_total_score_or_margin.
infection_study_07	T_NK_lineage	9	92	high	8	parent_or_broad_final_label;marker_assignment_disagrees_with_final;screfmapping_not_available;low_total_score_or_margin	check_if_finer_official_label_is_supported	T Cell	NK Cell	NK Cell	raw_marker_winner	0.6643269644452466	0.6643269644452466	0.029095117472810572	not_available:92	not_available:92	not_available:92	Study=infection_study_07; lineage=T_NK_lineage; cluster=9; cells=92; final=T Cell; marker_assignment=NK Cell; raw_marker_winner=NK Cell; assignment_reason=raw_marker_winner; marker_score=0.664; best_total_score=0.664; score_margin=0.029; CellTypist=not_available:92; PanHuman=not_available:92; scRefMap=not_available:92; review_reasons=parent_or_broad_final_label,marker_assignment_disagrees_with_final,screfmapping_not_available,low_total_score_or_margin.
infection_study_07	Myeloid_lineage	0	172	high	8	parent_or_broad_final_label;marker_assignment_disagrees_with_final;screfmapping_not_available;low_total_score_or_margin	check_if_finer_official_label_is_supported	Myeloid Cell	Non-Classical Monocyte	Non-Classical Monocyte	raw_marker_winner	0.4701937984496124	0.4701937984496124	0.0227131782945737	not_available:172	not_available:172	not_available:172	Study=infection_study_07; lineage=Myeloid_lineage; cluster=0; cells=172; final=Myeloid Cell; marker_assignment=Non-Classical Monocyte; raw_marker_winner=Non-Classical Monocyte; assignment_reason=raw_marker_winner; marker_score=0.470; best_total_score=0.470; score_margin=0.023; CellTypist=not_available:172; PanHuman=not_available:172; scRefMap=not_available:172; review_reasons=parent_or_broad_final_label,marker_assignment_disagrees_with_final,screfmapping_not_available,low_total_score_or_margin.
infection_study_07	Myeloid_lineage	1	151	high	8	parent_or_broad_final_label;marker_assignment_disagrees_with_final;screfmapping_not_available;low_total_score_or_margin	check_if_finer_official_label_is_supported	Myeloid Cell	Conventional DC 2	Conventional DC 2	raw_marker_winner	0.5559381898454746	0.5559381898454746	0.04554083885209714	not_available:151	not_available:151	not_available:151	Study=infection_study_07; lineage=Myeloid_lineage; cluster=1; cells=151; final=Myeloid Cell; marker_assignment=Conventional DC 2; raw_marker_winner=Conventional DC 2; assignment_reason=raw_marker_winner; marker_score=0.556; best_total_score=0.556; score_margin=0.046; CellTypist=not_available:151; PanHuman=not_available:151; scRefMap=not_available:151; review_reasons=parent_or_broad_final_label,marker_assignment_disagrees_with_final,screfmapping_not_available,low_total_score_or_margin.
infection_study_07	Myeloid_lineage	10	76	high	8	parent_or_broad_final_label;marker_assignment_disagrees_with_final;screfmapping_not_available;low_total_score_or_margin	check_if_finer_official_label_is_supported	Myeloid Cell	Intermediate Monocyte	Intermediate Monocyte	raw_marker_winner	0.9842105263157894	0.9842105263157894	0.09440789473684208	not_available:76	not_available:76	not_available:76	Study=infection_study_07; lineage=Myeloid_lineage; cluster=10; cells=76; final=Myeloid Cell; marker_assignment=Intermediate Monocyte; raw_marker_winner=Intermediate Monocyte; assignment_reason=raw_marker_winner; marker_score=0.984; best_total_score=0.984; score_margin=0.094; CellTypist=not_available:76; PanHuman=not_available:76; scRefMap=not_available:76; review_reasons=parent_or_broad_final_label,marker_assignment_disagrees_with_final,screfmapping_not_available,low_total_score_or_margin.
infection_study_07	Myeloid_lineage	11	58	high	8	parent_or_broad_final_label;marker_assignment_disagrees_with_final;screfmapping_not_available;low_total_score_or_margin	check_if_finer_official_label_is_supported	Myeloid Cell	Conventional DC 2	Conventional DC 2	raw_marker_winner	0.5232471264367816	0.5232471264367816	0.003218390804597626	not_available:58	not_available:58	not_available:58	Study=infection_study_07; lineage=Myeloid_lineage; cluster=11; cells=58; final=Myeloid Cell; marker_assignment=Conventional DC 2; raw_marker_winner=Conventional DC 2; assignment_reason=raw_marker_winner; marker_score=0.523; best_total_score=0.523; score_margin=0.003; CellTypist=not_available:58; PanHuman=not_available:58; scRefMap=not_available:58; review_reasons=parent_or_broad_final_label,marker_assignment_disagrees_with_final,screfmapping_not_available,low_total_score_or_margin.
infection_study_07	Myeloid_lineage	12	55	high	8	parent_or_broad_final_label;marker_assignment_disagrees_with_final;screfmapping_not_available;low_total_score_or_margin	check_if_finer_official_label_is_supported	Myeloid Cell	Non-Classical Monocyte	Non-Classical Monocyte	raw_marker_winner	0.4688787878787879	0.4688787878787879	0.06887878787878787	not_available:55	not_available:55	not_available:55	Study=infection_study_07; lineage=Myeloid_lineage; cluster=12; cells=55; final=Myeloid Cell; marker_assignment=Non-Classical Monocyte; raw_marker_winner=Non-Classical Monocyte; assignment_reason=raw_marker_winner; marker_score=0.469; best_total_score=0.469; score_margin=0.069; CellTypist=not_available:55; PanHuman=not_available:55; scRefMap=not_available:55; review_reasons=parent_or_broad_final_label,marker_assignment_disagrees_with_final,screfmapping_not_available,low_total_score_or_margin.
infection_study_07	Myeloid_lineage	13	49	high	8	parent_or_broad_final_label;marker_assignment_disagrees_with_final;screfmapping_not_available;low_total_score_or_margin	check_if_finer_official_label_is_supported	Myeloid Cell	Non-Classical Monocyte	Non-Classical Monocyte	raw_marker_winner	0.4480612244897959	0.4480612244897959	0.03989795918367345	not_available:49	not_available:49	not_available:49	Study=infection_study_07; lineage=Myeloid_lineage; cluster=13; cells=49; final=Myeloid Cell; marker_assignment=Non-Classical Monocyte; raw_marker_winner=Non-Classical Monocyte; assignment_reason=raw_marker_winner; marker_score=0.448; best_total_score=0.448; score_margin=0.040; CellTypist=not_available:49; PanHuman=not_available:49; scRefMap=not_available:49; review_reasons=parent_or_broad_final_label,marker_assignment_disagrees_with_final,screfmapping_not_available,low_total_score_or_margin.
infection_study_07	Myeloid_lineage	14	18	medium	6	parent_or_broad_final_label;marker_assignment_disagrees_with_final;screfmapping_not_available	check_if_finer_official_label_is_supported	Myeloid Cell	Neutrophil	Neutrophil	raw_marker_winner	0.8055555555555556	0.8055555555555556	0.17638888888888893	not_available:18	not_available:18	not_available:18	Study=infection_study_07; lineage=Myeloid_lineage; cluster=14; cells=18; final=Myeloid Cell; marker_assignment=Neutrophil; raw_marker_winner=Neutrophil; assignment_reason=raw_marker_winner; marker_score=0.806; best_total_score=0.806; score_margin=0.176; CellTypist=not_available:18; PanHuman=not_available:18; scRefMap=not_available:18; review_reasons=parent_or_broad_final_label,marker_assignment_disagrees_with_final,screfmapping_not_available.
infection_study_07	Myeloid_lineage	15	17	high	8	parent_or_broad_final_label;marker_assignment_disagrees_with_final;screfmapping_not_available;low_total_score_or_margin	check_if_finer_official_label_is_supported	Myeloid Cell	Non-Classical Monocyte	Non-Classical Monocyte	raw_marker_winner	0.5941176470588235	0.5941176470588235	0.049509803921568674	not_available:17	not_available:17	not_available:17	Study=infection_study_07; lineage=Myeloid_lineage; cluster=15; cells=17; final=Myeloid Cell; marker_assignment=Non-Classical Monocyte; raw_marker_winner=Non-Classical Monocyte; assignment_reason=raw_marker_winner; marker_score=0.594; best_total_score=0.594; score_margin=0.050; CellTypist=not_available:17; PanHuman=not_available:17; scRefMap=not_available:17; review_reasons=parent_or_broad_final_label,marker_assignment_disagrees_with_final,screfmapping_not_available,low_total_score_or_margin.
infection_study_07	Myeloid_lineage	2	145	high	8	parent_or_broad_final_label;marker_assignment_disagrees_with_final;screfmapping_not_available;low_total_score_or_margin	check_if_finer_official_label_is_supported	Myeloid Cell	Conventional DC 1	Conventional DC 1	raw_marker_winner	0.616551724137931	0.616551724137931	0.04337931034482756	not_available:145	not_available:145	not_available:145	Study=infection_study_07; lineage=Myeloid_lineage; cluster=2; cells=145; final=Myeloid Cell; marker_assignment=Conventional DC 1; raw_marker_winner=Conventional DC 1; assignment_reason=raw_marker_winner; marker_score=0.617; best_total_score=0.617; score_margin=0.043; CellTypist=not_available:145; PanHuman=not_available:145; scRefMap=not_available:145; review_reasons=parent_or_broad_final_label,marker_assignment_disagrees_with_final,screfmapping_not_available,low_total_score_or_margin.
infection_study_07	Myeloid_lineage	3	137	high	8	parent_or_broad_final_label;marker_assignment_disagrees_with_final;screfmapping_not_available;low_total_score_or_margin	check_if_finer_official_label_is_supported	Myeloid Cell	Non-Classical Monocyte	Non-Classical Monocyte	raw_marker_winner	0.5096593673965937	0.5096593673965937	0.003929440389294325	not_available:137	not_available:137	not_available:137	Study=infection_study_07; lineage=Myeloid_lineage; cluster=3; cells=137; final=Myeloid Cell; marker_assignment=Non-Classical Monocyte; raw_marker_winner=Non-Classical Monocyte; assignment_reason=raw_marker_winner; marker_score=0.510; best_total_score=0.510; score_margin=0.004; CellTypist=not_available:137; PanHuman=not_available:137; scRefMap=not_available:137; review_reasons=parent_or_broad_final_label,marker_assignment_disagrees_with_final,screfmapping_not_available,low_total_score_or_margin.
infection_study_07	Myeloid_lineage	4	116	high	8	parent_or_broad_final_label;marker_assignment_disagrees_with_final;screfmapping_not_available;low_total_score_or_margin	check_if_finer_official_label_is_supported	Myeloid Cell	Intermediate Monocyte	Intermediate Monocyte	raw_marker_winner	0.9534482758620689	0.9534482758620689	0.07347701149425279	not_available:116	not_available:116	not_available:116	Study=infection_study_07; lineage=Myeloid_lineage; cluster=4; cells=116; final=Myeloid Cell; marker_assignment=Intermediate Monocyte; raw_marker_winner=Intermediate Monocyte; assignment_reason=raw_marker_winner; marker_score=0.953; best_total_score=0.953; score_margin=0.073; CellTypist=not_available:116; PanHuman=not_available:116; scRefMap=not_available:116; review_reasons=parent_or_broad_final_label,marker_assignment_disagrees_with_final,screfmapping_not_available,low_total_score_or_margin.
infection_study_07	Myeloid_lineage	5	114	high	8	parent_or_broad_final_label;marker_assignment_disagrees_with_final;screfmapping_not_available;low_total_score_or_margin	check_if_finer_official_label_is_supported	Myeloid Cell	Conventional DC 2	Conventional DC 2	raw_marker_winner	0.5869298245614034	0.5869298245614034	0.03461988304093555	not_available:114	not_available:114	not_available:114	Study=infection_study_07; lineage=Myeloid_lineage; cluster=5; cells=114; final=Myeloid Cell; marker_assignment=Conventional DC 2; raw_marker_winner=Conventional DC 2; assignment_reason=raw_marker_winner; marker_score=0.587; best_total_score=0.587; score_margin=0.035; CellTypist=not_available:114; PanHuman=not_available:114; scRefMap=not_available:114; review_reasons=parent_or_broad_final_label,marker_assignment_disagrees_with_final,screfmapping_not_available,low_total_score_or_margin.
infection_study_07	Myeloid_lineage	6	106	high	8	parent_or_broad_final_label;marker_assignment_disagrees_with_final;screfmapping_not_available;low_total_score_or_margin	check_if_finer_official_label_is_supported	Myeloid Cell	Non-Classical Monocyte	Non-Classical Monocyte	raw_marker_winner	0.5059276729559748	0.5059276729559748	0.016808176100628958	not_available:106	not_available:106	not_available:106	Study=infection_study_07; lineage=Myeloid_lineage; cluster=6; cells=106; final=Myeloid Cell; marker_assignment=Non-Classical Monocyte; raw_marker_winner=Non-Classical Monocyte; assignment_reason=raw_marker_winner; marker_score=0.506; best_total_score=0.506; score_margin=0.017; CellTypist=not_available:106; PanHuman=not_available:106; scRefMap=not_available:106; review_reasons=parent_or_broad_final_label,marker_assignment_disagrees_with_final,screfmapping_not_available,low_total_score_or_margin.
infection_study_07	Myeloid_lineage	7	100	high	8	parent_or_broad_final_label;marker_assignment_disagrees_with_final;screfmapping_not_available;low_total_score_or_margin	check_if_finer_official_label_is_supported	Myeloid Cell	Non-Classical Monocyte	Non-Classical Monocyte	raw_marker_winner	0.48465	0.48465	0.014650000000000052	not_available:100	not_available:100	not_available:100	Study=infection_study_07; lineage=Myeloid_lineage; cluster=7; cells=100; final=Myeloid Cell; marker_assignment=Non-Classical Monocyte; raw_marker_winner=Non-Classical Monocyte; assignment_reason=raw_marker_winner; marker_score=0.485; best_total_score=0.485; score_margin=0.015; CellTypist=not_available:100; PanHuman=not_available:100; scRefMap=not_available:100; review_reasons=parent_or_broad_final_label,marker_assignment_disagrees_with_final,screfmapping_not_available,low_total_score_or_margin.
infection_study_07	Myeloid_lineage	8	97	high	8	parent_or_broad_final_label;marker_assignment_disagrees_with_final;screfmapping_not_available;low_total_score_or_margin	check_if_finer_official_label_is_supported	Myeloid Cell	Plasmacytoid DC	Plasmacytoid DC	raw_marker_winner	0.5833333333333334	0.5833333333333334	0.03221649484536082	not_available:97	not_available:97	not_available:97	Study=infection_study_07; lineage=Myeloid_lineage; cluster=8; cells=97; final=Myeloid Cell; marker_assignment=Plasmacytoid DC; raw_marker_winner=Plasmacytoid DC; assignment_reason=raw_marker_winner; marker_score=0.583; best_total_score=0.583; score_margin=0.032; CellTypist=not_available:97; PanHuman=not_available:97; scRefMap=not_available:97; review_reasons=parent_or_broad_final_label,marker_assignment_disagrees_with_final,screfmapping_not_available,low_total_score_or_margin.
infection_study_07	Myeloid_lineage	9	89	high	8	parent_or_broad_final_label;marker_assignment_disagrees_with_final;screfmapping_not_available;low_total_score_or_margin	check_if_finer_official_label_is_supported	Myeloid Cell	Intermediate Monocyte	Intermediate Monocyte	raw_marker_winner	0.6856741573033708	0.6856741573033708	0.19436329588014978	not_available:89	not_available:89	not_available:89	Study=infection_study_07; lineage=Myeloid_lineage; cluster=9; cells=89; final=Myeloid Cell; marker_assignment=Intermediate Monocyte; raw_marker_winner=Intermediate Monocyte; assignment_reason=raw_marker_winner; marker_score=0.686; best_total_score=0.686; score_margin=0.194; CellTypist=not_available:89; PanHuman=not_available:89; scRefMap=not_available:89; review_reasons=parent_or_broad_final_label,marker_assignment_disagrees_with_final,screfmapping_not_available,low_total_score_or_margin.
