lineage	cluster	n_cells	chosen_label	accepted	score_margin	calibrated_cluster_confidence	marker_availability_alert	top_celltypist	top_azimuth_l2	top_panhuman_fine	top_marker	top_screfmapping
B_lineage	0	805	Naive B Cell	True	4.25552802694449	0.8500000000000001	pass	Naive B Cell:636; B Cell:65; Blood Cell:36; CD4 Naive / T Central Memory:33; Treg:14	Naive B Cell:679; B Cell:125; Memory B Cell:1	Naive B Cell:757; Memory B Cell:23; Blood Cell:22; B Cell:3	B Cell:804; Monocyte:1	Naive B Cell:799; Memory B Cell:6
B_lineage	1	576	Plasma Cell	True	2.2891757060113784	0.7613252314814815	warning	Plasma Cell:295; CD4 Naive / T Central Memory:96; Plasmablast:55; Blood Cell:54; Classical Monocyte:25	Plasmablast:302; CD4 Naive / T Central Memory:126; Classical Monocyte:86; Memory B Cell:22; HSC:15	Plasma Cell:546; Blood Cell:23; Memory B Cell:5; Naive B Cell:2	Monocyte:441; Plasma Cell:120; B Cell:7; Non-Classical Monocyte:3; NK Cell:2	Memory B Cell:284; Naive B Cell:172; Plasma Cell:67; not_available:35; CD4 T Effector Memory:10
B_lineage	2	538	Naive B Cell	True	2.705403533904574	0.8500000000000001	pass	Naive B Cell:194; CD4 Naive / T Central Memory:139; Blood Cell:75; B Cell:63; Memory B Cell:22	Naive B Cell:287; B Cell:214; Memory B Cell:30; CD4 Naive / T Central Memory:4; HSC:2	Naive B Cell:332; Memory B Cell:115; Blood Cell:76; B Cell:9; Plasma Cell:6	B Cell:531; Plasma Cell:3; DC:2; Monocyte:2	Naive B Cell:471; Memory B Cell:59; Treg:2; Plasma Cell:2; CD4 Naive / T Central Memory:2
B_lineage	3	527	Memory B Cell	True	2.30635576291548	0.8500000000000001	pass	B Cell:352; CD4 Naive / T Central Memory:45; Blood Cell:41; Memory B Cell:33; Naive B Cell:20	B Cell:497; Memory B Cell:17; Naive B Cell:12; Plasmablast:1	Memory B Cell:391; Naive B Cell:96; Blood Cell:32; Plasma Cell:6; B Cell:2	B Cell:525; Plasma Cell:2	Memory B Cell:427; Naive B Cell:98; Plasma Cell:2
B_lineage	4	437	Memory B Cell	True	3.204933604354535	0.8388706237173051	pass	B Cell:150; Memory B Cell:100; CD4 Naive / T Central Memory:82; Blood Cell:45; NK Cell:27	B Cell:234; Memory B Cell:194; Naive B Cell:5; CD4 Naive / T Central Memory:4	Memory B Cell:358; Naive B Cell:44; Blood Cell:28; B Cell:5; Plasma Cell:2	B Cell:436; NK Cell:1	Memory B Cell:364; Naive B Cell:71; not_available:1; Treg:1
B_lineage	5	418	Memory B Cell	True	0.8461478099063728	0.829489090165831	pass	B Cell:143; Memory B Cell:77; Naive B Cell:58; CD4 Naive / T Central Memory:52; Blood Cell:41	B Cell:361; Naive B Cell:45; Memory B Cell:11; Plasmablast:1	Memory B Cell:270; Naive B Cell:136; Blood Cell:9; Plasma Cell:2; B Cell:1	B Cell:418	Memory B Cell:236; Naive B Cell:182
B_lineage	6	352	Plasma Cell	True	0.114512789316151	0.6237148144564106	warning	Plasma Cell:112; NK Cell:71; Naive B Cell:34; CD8 Cytotoxic / T Effector Memory:31; B Cell:31	B Cell:150; Plasmablast:129; Naive B Cell:33; CD8 Cytotoxic / T Effector Memory:15; CD4 Naive / T Central Memory:13	Plasma Cell:142; Naive B Cell:83; Blood Cell:68; Memory B Cell:56; NK Cell:2	B Cell:198; Plasma Cell:123; NK Cell:20; Monocyte:6; T Cell:2	Naive B Cell:121; Memory B Cell:110; Plasma Cell:106; not_available:15
B_lineage	7	348	Plasma Cell	True	3.711473650041797	0.82	warning	Plasmablast:238; Plasma Cell:81; CD4 Naive / T Central Memory:18; T Cell:4; B Cell:3	Plasmablast:345; CD4 T Cell (ab):2; CD4 Naive / T Central Memory:1	Plasma Cell:342; Blood Cell:5; Lymphoid Cell:1	Plasma Cell:340; B Cell:6; Monocyte:2	Plasma Cell:301; Memory B Cell:26; Naive B Cell:19; not_available:1; CD4 Naive / T Central Memory:1
B_lineage	8	285	Plasma Cell	True	3.826542011344765	0.82	warning	Plasma Cell:263; Plasmablast:9; CD4 Naive / T Central Memory:6; Blood Cell:3; B Cell:1	Plasmablast:282; Memory B Cell:2; B Cell:1	Plasma Cell:283; Memory B Cell:1; Blood Cell:1	Plasma Cell:251; B Cell:29; T Cell:2; Monocyte:1; Plasmacytoid DC:1	Plasma Cell:260; Memory B Cell:14; Naive B Cell:11
B_lineage	9	284	Plasma Cell	True	3.7501862938087314	0.82	warning	Plasma Cell:275; Plasmablast:8; CD4 Naive / T Central Memory:1	Plasmablast:284	Plasma Cell:283; Blood Cell:1	Plasma Cell:284	Plasma Cell:263; Naive B Cell:16; Memory B Cell:5
B_lineage	10	278	Plasma Cell	True	3.013612675559738	0.82	warning	Plasma Cell:223; CD4 Naive / T Central Memory:30; Plasmablast:17; Blood Cell:2; B Cell:2	Plasmablast:261; CD4 Naive / T Central Memory:7; B Cell:5; Memory B Cell:4; HSC:1	Plasma Cell:264; Blood Cell:8; Memory B Cell:4; B Cell:1; Naive B Cell:1	Plasma Cell:244; B Cell:20; Monocyte:8; T Cell:3; CD4 T Cell (ab):1	Plasma Cell:166; Naive B Cell:65; Memory B Cell:47
B_lineage	11	269	Plasma Cell	True	3.736284046568671	0.82	warning	Plasma Cell:268; Plasmablast:1	Plasmablast:269	Plasma Cell:269	Plasma Cell:266; B Cell:2; Non-Classical Monocyte:1	Plasma Cell:242; Naive B Cell:23; Memory B Cell:4
B_lineage	12	223	Plasma Cell	True	3.739138022063637	0.82	warning	Plasmablast:192; Plasma Cell:11; T Cell:8; CD4 Naive / T Central Memory:7; Blood Cell:2	Plasmablast:221; NK Cell:2	Plasma Cell:215; Blood Cell:7; Lymphoid Cell:1	Plasma Cell:212; B Cell:6; Monocyte:3; T Cell:1; NK Cell:1	Plasma Cell:196; Naive B Cell:14; Memory B Cell:11; not_available:1; CD4 Naive / T Central Memory:1
B_lineage	13	209	Plasma Cell	True	3.544860665487959	0.82	warning	Plasmablast:109; Plasma Cell:74; CD4 Naive / T Central Memory:13; Blood Cell:6; T Cell:4	Plasmablast:204; CD4 Naive / T Central Memory:3; HSC:1; B Cell:1	Plasma Cell:203; Blood Cell:6	Plasma Cell:198; B Cell:8; Monocyte:2; Non-Classical Monocyte:1	Plasma Cell:165; Memory B Cell:22; Naive B Cell:20; not_available:1; CD4 Naive / T Central Memory:1
B_lineage	14	198	Naive B Cell	True	1.3423378344414738	0.8411111111111111	pass	CD4 Naive / T Central Memory:80; B Cell:35; Naive B Cell:30; Treg:15; Blood Cell:13	B Cell:105; Naive B Cell:65; Memory B Cell:14; CD4 Naive / T Central Memory:11; Treg:2	Naive B Cell:110; Memory B Cell:73; Blood Cell:14; Plasma Cell:1	B Cell:194; CD4 T Cell (ab):2; RBC:2	Naive B Cell:111; Memory B Cell:75; not_available:7; Treg:3; CD4 Naive / T Central Memory:1
B_lineage	15	120	Plasma Cell	True	3.1003514063106907	0.82	warning	Plasma Cell:77; Plasmablast:22; Classical Monocyte:13; CD4 Naive / T Central Memory:5; B Cell:1	Plasmablast:90; Classical Monocyte:17; RBC:8; B Cell:3; CD4 Naive / T Central Memory:2	Plasma Cell:113; Blood Cell:4; Naive B Cell:2; Memory B Cell:1	Monocyte:95; Plasma Cell:23; B Cell:2	Plasma Cell:69; Memory B Cell:38; Naive B Cell:13
B_lineage	16	99	Memory B Cell	True	0.3489407752208491	0.7462293553608526	pass	B Cell:29; CD4 Naive / T Central Memory:21; Naive B Cell:20; Memory B Cell:13; Blood Cell:8	B Cell:79; Naive B Cell:13; Memory B Cell:6; CD4 Naive / T Central Memory:1	Memory B Cell:56; Naive B Cell:32; Blood Cell:8; B Cell:2; Plasma Cell:1	B Cell:99	Naive B Cell:54; Memory B Cell:45
B_lineage	17	73	Plasma Cell	True	1.2909799745914778	0.82	warning	Plasma Cell:30; CD4 Naive / T Central Memory:13; Blood Cell:8; Naive B Cell:8; B Cell:5	Plasmablast:44; Naive B Cell:13; B Cell:12; Classical Monocyte:2; Memory B Cell:1	Plasma Cell:48; Naive B Cell:13; Blood Cell:7; Memory B Cell:4; Platelet:1	Plasma Cell:35; B Cell:25; Platelet:8; Monocyte:2; T Cell:2	Plasma Cell:32; Naive B Cell:27; Memory B Cell:14
B_lineage	18	72	Plasma Cell	True	3.3759396348847304	0.82	warning	Plasma Cell:46; Plasmablast:12; CD4 Naive / T Central Memory:9; Treg:3; T Cell:1	Plasmablast:65; CD4 Naive / T Central Memory:4; Treg:1; B Cell:1; Memory B Cell:1	Plasma Cell:68; Blood Cell:2; Memory B Cell:2	Plasma Cell:64; CD4 T Cell (ab):3; B Cell:3; T Cell:1; Monocyte:1	Plasma Cell:53; Naive B Cell:8; Memory B Cell:7; not_available:2; CD4 T Effector Memory:1
B_lineage	19	64	Plasma Cell	True	3.51503929901524	0.82	warning	Plasma Cell:53; Plasmablast:10; CD4 Naive / T Central Memory:1	Plasmablast:64	Plasma Cell:62; Blood Cell:2	Plasma Cell:64	Plasma Cell:53; Naive B Cell:9; Memory B Cell:2
B_lineage	20	47	Plasma Cell	True	3.074409117138192	0.82	warning	Plasma Cell:40; Plasmablast:4; CD4 Naive / T Central Memory:3	Plasmablast:43; CD4 Naive / T Central Memory:4	Plasma Cell:47	Plasma Cell:43; B Cell:3; Platelet:1	Plasma Cell:27; Naive B Cell:15; Memory B Cell:4; not_available:1
B_lineage	21	38	Plasma Cell	True	0.9380715222836716	0.8094736842105263	warning	Plasma Cell:17; Naive B Cell:7; CD4 Naive / T Central Memory:4; B Cell:4; Plasmablast:3	Plasmablast:15; B Cell:9; Naive B Cell:6; RBC:5; CD4 Naive / T Central Memory:1	Plasma Cell:21; Naive B Cell:9; Memory B Cell:6; Blood Cell:2	RBC:27; B Cell:6; Plasma Cell:4; Monocyte:1	Plasma Cell:16; Naive B Cell:14; Memory B Cell:7; not_available:1
B_lineage	22	18	Plasma Cell	True	1.5797415861265345	0.82	warning	Plasma Cell:7; B Cell:3; Plasmablast:3; Blood Cell:2; CD4 Naive / T Central Memory:2	Plasmablast:11; B Cell:3; Naive B Cell:2; Memory B Cell:2	Plasma Cell:11; Blood Cell:3; Memory B Cell:2; Naive B Cell:2	Plasma Cell:8; B Cell:7; Monocyte:3	Plasma Cell:9; Naive B Cell:4; Memory B Cell:4; not_available:1
Myeloid_lineage	0	1198	Classical Monocyte	True	2.3160210620567634	0.8474961157950054	pass	Classical Monocyte:1080; Non-Classical Monocyte:60; CD4 Naive / T Central Memory:45; Myeloid Cell:7; Blood Cell:3	Classical Monocyte:1155; Non-Classical Monocyte:37; RBC:3; Conventional DC 2:3	Classical Monocyte:1008; Blood Cell:83; Intermediate Monocyte:70; Non-Classical Monocyte:17; Conventional DC 2:15	Monocyte:1169; Non-Classical Monocyte:25; DC:4	not_available:1198
Myeloid_lineage	1	1131	Classical Monocyte	True	1.7471196489682317	0.7338469757633672	pass	Classical Monocyte:687; CD4 Naive / T Central Memory:165; Non-Classical Monocyte:114; CD8 Cytotoxic / T Effector Memory:50; NK Cell:37	Classical Monocyte:918; Non-Classical Monocyte:109; RBC:37; CD8 Cytotoxic / T Effector Memory:19; CD4 Naive / T Central Memory:17	Classical Monocyte:533; Blood Cell:315; Intermediate Monocyte:115; Non-Classical Monocyte:91; Neutrophil:42	Monocyte:975; Non-Classical Monocyte:113; DC:19; NK Cell:18; RBC:3	not_available:1127; CD4 T Effector Memory:4
Myeloid_lineage	2	1055	Classical Monocyte	True	2.4020796425535176	0.74	pass	Classical Monocyte:951; Non-Classical Monocyte:64; CD4 Naive / T Central Memory:37; Myeloid Cell:2; NK Cell:1	Classical Monocyte:1008; Non-Classical Monocyte:44; RBC:2; CD4 Naive / T Central Memory:1	Classical Monocyte:916; Intermediate Monocyte:107; Blood Cell:23; Neutrophil:4; Conventional DC 2:3	Monocyte:1022; Non-Classical Monocyte:31; RBC:2	not_available:1054; CD4 T Effector Memory:1
Myeloid_lineage	3	1047	Classical Monocyte	True	2.366983773083867	0.74	pass	Classical Monocyte:882; CD4 Naive / T Central Memory:124; Non-Classical Monocyte:30; Blood Cell:7; Plasma Cell:1	Classical Monocyte:874; RBC:139; Non-Classical Monocyte:31; HSC:2; Conventional DC 1:1	Classical Monocyte:827; Blood Cell:141; Intermediate Monocyte:47; Neutrophil:15; Non-Classical Monocyte:11	Monocyte:1016; Non-Classical Monocyte:28; DC:2; RBC:1	not_available:1040; CD4 Naive / T Central Memory:5; CD4 T Effector Memory:2
Myeloid_lineage	4	1039	Classical Monocyte	True	2.6349371165837434	0.74	pass	Classical Monocyte:999; CD4 Naive / T Central Memory:26; Non-Classical Monocyte:10; Myeloid Cell:2; Blood Cell:1	Classical Monocyte:1006; RBC:27; Non-Classical Monocyte:6	Classical Monocyte:983; Blood Cell:32; Neutrophil:12; Intermediate Monocyte:8; Non-Classical Monocyte:2	Monocyte:1036; Non-Classical Monocyte:3	not_available:1038; CD4 T Effector Memory:1
Myeloid_lineage	5	943	Non-Classical Monocyte	True	1.629894703420923	0.8500000000000001	pass	Non-Classical Monocyte:845; Classical Monocyte:55; CD4 Naive / T Central Memory:33; Myeloid Cell:4; Blood Cell:3	Non-Classical Monocyte:843; Classical Monocyte:98; Conventional DC 2:2	Non-Classical Monocyte:645; Intermediate Monocyte:219; Classical Monocyte:44; Blood Cell:32; Conventional DC 2:2	Non-Classical Monocyte:784; Monocyte:155; DC:2; RBC:1; NK Cell:1	not_available:943
Myeloid_lineage	6	712	Classical Monocyte	True	2.287902459987939	0.8500000000000001	pass	Classical Monocyte:603; Non-Classical Monocyte:61; CD4 Naive / T Central Memory:39; Blood Cell:2; Myeloid Cell:2	Classical Monocyte:669; Non-Classical Monocyte:31; RBC:11; Conventional DC 2:1	Classical Monocyte:607; Intermediate Monocyte:55; Blood Cell:32; Non-Classical Monocyte:10; Neutrophil:3	Monocyte:689; Non-Classical Monocyte:22; DC:1	not_available:712
Myeloid_lineage	7	689	Classical Monocyte	True	2.524884900623148	0.74	pass	Classical Monocyte:628; CD4 Naive / T Central Memory:28; Non-Classical Monocyte:15; Conventional DC 2:6; Blood Cell:4	Classical Monocyte:636; RBC:35; Non-Classical Monocyte:12; Conventional DC 2:4; CD4 Naive / T Central Memory:2	Classical Monocyte:597; Blood Cell:44; Intermediate Monocyte:29; Neutrophil:11; Conventional DC 2:6	Monocyte:676; Non-Classical Monocyte:9; DC:4	not_available:686; CD4 Naive / T Central Memory:3
Myeloid_lineage	8	663	Classical Monocyte	True	1.8466624629995096	0.734612795834627	pass	Classical Monocyte:368; CD4 Naive / T Central Memory:177; Non-Classical Monocyte:76; Blood Cell:12; Treg:9	Classical Monocyte:531; Non-Classical Monocyte:74; RBC:35; CD4 Naive / T Central Memory:10; Conventional DC 2:8	Classical Monocyte:395; Blood Cell:113; Intermediate Monocyte:70; Non-Classical Monocyte:40; Neutrophil:30	Monocyte:575; Non-Classical Monocyte:73; DC:11; RBC:2; T Cell:1	not_available:659; CD4 T Effector Memory:2; CD4 Naive / T Central Memory:2
Myeloid_lineage	9	627	Classical Monocyte	True	2.7143771010974493	0.8500000000000001	pass	Classical Monocyte:617; CD4 Naive / T Central Memory:7; Non-Classical Monocyte:3	Classical Monocyte:621; RBC:4; Non-Classical Monocyte:2	Classical Monocyte:581; Neutrophil:23; Blood Cell:19; Intermediate Monocyte:3; Non-Classical Monocyte:1	Monocyte:625; Non-Classical Monocyte:2	not_available:627
Myeloid_lineage	10	589	Classical Monocyte	True	2.470251912397814	0.74	pass	Classical Monocyte:518; CD4 Naive / T Central Memory:39; Non-Classical Monocyte:23; Treg:4; NK Cell:2	Classical Monocyte:564; Non-Classical Monocyte:13; RBC:11; Conventional DC 2:1	Classical Monocyte:509; Intermediate Monocyte:43; Blood Cell:22; Neutrophil:10; Conventional DC 2:4	Monocyte:576; Non-Classical Monocyte:9; DC:2; RBC:2	not_available:588; CD4 Naive / T Central Memory:1
Myeloid_lineage	11	556	Conventional DC 2	True	0.5040924447363766	0.6981302012471866	pass	Classical Monocyte:209; Conventional DC 2:156; CD4 Naive / T Central Memory:86; Non-Classical Monocyte:23; Blood Cell:22	Classical Monocyte:299; Conventional DC 2:225; Conventional DC 1:23; CD4 Naive / T Central Memory:3; RBC:3	Conventional DC 2:298; Classical Monocyte:146; Blood Cell:67; Conventional DC 1:21; Intermediate Monocyte:19	Monocyte:333; DC:209; B Cell:6; Non-Classical Monocyte:5; RBC:3	not_available:555; Treg:1
Myeloid_lineage	12	553	Classical Monocyte	True	2.3412671267472573	0.74	pass	Classical Monocyte:472; CD4 Naive / T Central Memory:51; Non-Classical Monocyte:23; Blood Cell:3; Treg:1	Classical Monocyte:504; RBC:25; Non-Classical Monocyte:23; Conventional DC 2:1	Classical Monocyte:461; Intermediate Monocyte:46; Blood Cell:29; Neutrophil:12; Non-Classical Monocyte:4	Monocyte:532; Non-Classical Monocyte:18; DC:2; RBC:1	not_available:552; CD4 Naive / T Central Memory:1
Myeloid_lineage	13	374	Classical Monocyte	True	2.4225608163990424	0.74	pass	Classical Monocyte:291; CD4 Naive / T Central Memory:53; Blood Cell:8; Conventional DC 2:7; NK Cell:5	Classical Monocyte:330; RBC:28; Conventional DC 2:5; CD4 Naive / T Central Memory:4; NK Cell:2	Classical Monocyte:229; Blood Cell:101; Conventional DC 2:25; Neutrophil:15; Intermediate Monocyte:2	Monocyte:358; DC:12; Non-Classical Monocyte:1; Platelet:1; B Cell:1	not_available:368; CD4 Naive / T Central Memory:4; CD4 T Effector Memory:2
Myeloid_lineage	14	323	Classical Monocyte	True	2.3859115053462463	0.8500000000000001	pass	Classical Monocyte:290; Non-Classical Monocyte:14; CD4 Naive / T Central Memory:13; Blood Cell:2; Myeloid Cell:2	Classical Monocyte:305; Non-Classical Monocyte:11; RBC:5; Platelet:1; HSC:1	Classical Monocyte:231; Blood Cell:40; Intermediate Monocyte:23; Platelet:10; Neutrophil:7	Monocyte:308; Non-Classical Monocyte:10; Platelet:4; RBC:1	not_available:323
Myeloid_lineage	15	316	Classical Monocyte	True	1.9306094008172736	0.7038946335772076	pass	Classical Monocyte:134; CD4 Naive / T Central Memory:77; Blood Cell:30; Plasma Cell:19; CD8 Cytotoxic / T Effector Memory:18	Classical Monocyte:271; RBC:21; CD4 Naive / T Central Memory:16; B Cell:2; Non-Classical Monocyte:2	Blood Cell:178; Classical Monocyte:54; Plasma Cell:46; Neutrophil:21; Intermediate Monocyte:8	Monocyte:308; B Cell:2; Non-Classical Monocyte:2; DC:1; Plasma Cell:1	not_available:298; Memory B Cell:8; Naive B Cell:5; CD4 T Effector Memory:4; CD4 Naive / T Central Memory:1
Myeloid_lineage	16	299	Non-Classical Monocyte	True	0.2779140497188934	0.7634509091151305	pass	Non-Classical Monocyte:157; Classical Monocyte:91; CD4 Naive / T Central Memory:31; Myeloid Cell:7; Blood Cell:5	Non-Classical Monocyte:148; Classical Monocyte:142; Conventional DC 2:5; RBC:3; CD4 Naive / T Central Memory:1	Intermediate Monocyte:129; Classical Monocyte:69; Non-Classical Monocyte:57; Blood Cell:29; Conventional DC 2:15	Monocyte:158; Non-Classical Monocyte:131; DC:8; B Cell:1; RBC:1	not_available:299
Myeloid_lineage	17	260	Classical Monocyte	True	2.257864073915894	0.8331480775873308	pass	Classical Monocyte:214; CD4 Naive / T Central Memory:29; Non-Classical Monocyte:8; Treg:4; Blood Cell:2	Classical Monocyte:252; Non-Classical Monocyte:7; RBC:1	Neutrophil:181; Classical Monocyte:63; Blood Cell:8; Non-Classical Monocyte:5; Intermediate Monocyte:3	Monocyte:257; RBC:1; Platelet:1; Non-Classical Monocyte:1	not_available:260
Myeloid_lineage	18	242	Classical Monocyte	True	1.9479748034624371	0.7350060547901387	pass	Classical Monocyte:166; Non-Classical Monocyte:32; CD4 Naive / T Central Memory:20; Blood Cell:8; NK Cell:5	Classical Monocyte:189; Non-Classical Monocyte:22; B Cell:10; Naive B Cell:8; Conventional DC 2:6	Classical Monocyte:116; Blood Cell:65; Intermediate Monocyte:17; Non-Classical Monocyte:16; Conventional DC 2:9	Monocyte:198; Non-Classical Monocyte:26; B Cell:17; DC:1	not_available:241; CD4 T Effector Memory:1
Myeloid_lineage	19	227	Plasmacytoid DC	True	2.891970737311488	0.8500000000000001	pass	Plasmacytoid DC:206; CD4 Naive / T Central Memory:12; Classical Monocyte:6; Non-Classical Monocyte:1; NK Cell:1	Plasmacytoid DC:209; Classical Monocyte:12; Conventional DC 2:2; RBC:1; NK Cell:1	Plasmacytoid DC:214; Blood Cell:9; Classical Monocyte:3; Conventional DC 1:1	Plasmacytoid DC:188; Monocyte:20; DC:6; Non-Classical Monocyte:4; NK Cell:3	not_available:227
Myeloid_lineage	20	166	Classical Monocyte	True	1.0815386571992267	0.6371544095928253	pass	Blood Cell:57; CD4 Naive / T Central Memory:46; Classical Monocyte:38; Treg:11; Plasma Cell:2	RBC:73; Classical Monocyte:65; HSC:13; CD4 Naive / T Central Memory:7; NK Cell:5	Neutrophil:81; Blood Cell:73; Classical Monocyte:12	Monocyte:164; RBC:2	not_available:152; CD4 T Effector Memory:7; CD4 Naive / T Central Memory:5; Plasma Cell:1; Naive B Cell:1
Myeloid_lineage	21	95	Classical Monocyte	True	2.055893325059857	0.7360705151208471	pass	Classical Monocyte:64; Blood Cell:16; CD4 Naive / T Central Memory:9; Non-Classical Monocyte:3; RBC:1	Classical Monocyte:80; Lymphoid Cell:4; HSC:3; CD4 Naive / T Central Memory:3; Non-Classical Monocyte:3	Classical Monocyte:59; Blood Cell:20; Intermediate Monocyte:9; Neutrophil:3; HSC:2	Monocyte:84; DC:5; Non-Classical Monocyte:4; Plasmacytoid DC:1; RBC:1	not_available:92; CD4 Naive / T Central Memory:2; CD4 T Effector Memory:1
Myeloid_lineage	22	28	Classical Monocyte	True	2.250743874217039	0.8500000000000001	pass	Classical Monocyte:23; CD4 Naive / T Central Memory:4; Treg:1	RBC:15; Classical Monocyte:13	Classical Monocyte:13; Neutrophil:13; Blood Cell:2	Monocyte:14; RBC:14	not_available:28
T_NK_lineage	0	1798	NK Cell	True	2.5102854195565336	0.8500000000000001	pass	NK Cell:1685; CD8 Cytotoxic / T Effector Memory:53; CD4 Naive / T Central Memory:47; Blood Cell:6; B Cell:3	NK Cell:1752; CD8 Cytotoxic / T Effector Memory:43; Lymphoid Cell:2; ydT Cell:1	NK Cell:1700; Blood Cell:85; Lymphoid Cell:10; CD8 Cytotoxic / T Effector Memory:3	NK Cell:1775; Non-Classical Monocyte:12; T Cell:6; Plasmacytoid DC:2; CD8 T Cell (ab):2	not_available:1798
T_NK_lineage	1	1553	NK Cell	True	1.6755077327987693	0.74	pass	NK Cell:971; CD4 Naive / T Central Memory:288; CD8 Cytotoxic / T Effector Memory:256; Blood Cell:17; Treg:16	NK Cell:1103; CD8 Cytotoxic / T Effector Memory:379; ydT Cell:57; CD4 Naive / T Central Memory:8; Lymphoid Cell:4	NK Cell:1119; Blood Cell:280; CD8 Cytotoxic / T Effector Memory:124; ydT Cell:15; MAIT Cell:4	NK Cell:1422; T Cell:76; Non-Classical Monocyte:23; CD8 T Cell (ab):13; CD4 T Cell (ab):10	not_available:1539; CD4 T Effector Memory:13; CD4 Naive / T Central Memory:1
T_NK_lineage	2	1498	CD8 Cytotoxic / T Effector Memory	True	1.808784660535339	0.74	pass	CD8 Cytotoxic / T Effector Memory:1236; NK Cell:129; CD4 Naive / T Central Memory:88; Treg:18; Blood Cell:16	CD8 Cytotoxic / T Effector Memory:1311; NK Cell:81; ydT Cell:72; CD8 Naive / T Central Memory:12; CD4 T Effector Memory:10	CD8 Cytotoxic / T Effector Memory:1169; Blood Cell:169; NK Cell:112; ydT Cell:17; MAIT Cell:15	T Cell:599; NK Cell:430; CD8 T Cell (ab):388; CD4 T Cell (ab):63; Non-Classical Monocyte:15	not_available:1484; CD4 T Effector Memory:12; CD4 Naive / T Central Memory:2
T_NK_lineage	3	1491	CD4 Naive / T Central Memory	True	2.686892116056864	0.8500000000000001	pass	CD4 Naive / T Central Memory:1369; CD8 Naive / T Central Memory:93; Treg:10; CD8 Cytotoxic / T Effector Memory:10; NK Cell:5	CD4 Naive / T Central Memory:963; CD8 Naive / T Central Memory:474; CD8 Cytotoxic / T Effector Memory:38; Treg:11; ydT Cell:2	CD4 Naive / T Central Memory:1058; CD8 Naive / T Central Memory:237; Blood Cell:108; Treg:30; CD8 Cytotoxic / T Effector Memory:28	CD4 T Cell (ab):873; T Cell:545; CD8 T Cell (ab):56; NK Cell:10; Monocyte:2	CD4 Naive / T Central Memory:1075; not_available:386; Treg:16; CD4 T Effector Memory:14
T_NK_lineage	4	1427	CD4 Naive / T Central Memory	True	3.340613613444412	0.8500000000000001	pass	CD4 Naive / T Central Memory:1359; Treg:32; CD8 Naive / T Central Memory:14; CD4 T Effector Memory:10; CD8 Cytotoxic / T Effector Memory:8	CD4 Naive / T Central Memory:1306; CD8 Naive / T Central Memory:79; Treg:20; CD8 Cytotoxic / T Effector Memory:18; T Cell:2	CD4 Naive / T Central Memory:969; CD4 T Effector Memory:268; Blood Cell:64; Treg:59; CD8 Naive / T Central Memory:47	CD4 T Cell (ab):971; T Cell:429; CD8 T Cell (ab):11; NK Cell:5; Monocyte:3	CD4 Naive / T Central Memory:1238; not_available:143; CD4 T Effector Memory:26; Treg:20
T_NK_lineage	5	1304	NK Cell	True	1.5381028104627117	0.74	pass	NK Cell:802; CD8 Cytotoxic / T Effector Memory:420; CD4 Naive / T Central Memory:62; Treg:10; Blood Cell:6	NK Cell:1109; CD8 Cytotoxic / T Effector Memory:172; ydT Cell:21; CD8 T Cell (ab):1; Lymphoid Cell:1	NK Cell:1105; Blood Cell:100; CD8 Cytotoxic / T Effector Memory:86; ydT Cell:7; Lymphoid Cell:3	NK Cell:1238; T Cell:44; CD8 T Cell (ab):13; Non-Classical Monocyte:6; CD4 T Cell (ab):3	not_available:1303; CD4 T Effector Memory:1
T_NK_lineage	6	1231	NK Cell	True	0.4131447161754598	0.6838814459559437	pass	NK Cell:521; CD8 Cytotoxic / T Effector Memory:451; CD4 Naive / T Central Memory:221; Treg:18; Blood Cell:11	CD8 Cytotoxic / T Effector Memory:544; NK Cell:484; CD4 Naive / T Central Memory:109; ydT Cell:85; CD4 T Effector Memory:3	NK Cell:504; CD8 Cytotoxic / T Effector Memory:346; Blood Cell:327; ydT Cell:29; Lymphoid Cell:10	NK Cell:865; T Cell:217; CD8 T Cell (ab):71; CD4 T Cell (ab):39; Non-Classical Monocyte:30	not_available:1219; CD4 T Effector Memory:7; CD4 Naive / T Central Memory:5
T_NK_lineage	7	1212	CD8 Cytotoxic / T Effector Memory	True	1.431178979506011	0.7297901991696671	pass	CD8 Cytotoxic / T Effector Memory:599; CD4 Naive / T Central Memory:387; NK Cell:158; Blood Cell:35; Treg:11	CD8 Cytotoxic / T Effector Memory:1003; NK Cell:62; CD4 Naive / T Central Memory:53; ydT Cell:40; CD8 Naive / T Central Memory:36	CD8 Cytotoxic / T Effector Memory:729; Blood Cell:304; NK Cell:87; CD4 Naive / T Central Memory:21; Treg:18	T Cell:453; NK Cell:363; CD8 T Cell (ab):235; CD4 T Cell (ab):124; Non-Classical Monocyte:28	not_available:1126; CD4 T Effector Memory:69; CD4 Naive / T Central Memory:17
T_NK_lineage	8	1200	CD4 Naive / T Central Memory	True	2.168931923595403	0.8500000000000001	pass	CD4 Naive / T Central Memory:1076; Treg:65; CD4 T Effector Memory:24; CD8 Cytotoxic / T Effector Memory:21; NK Cell:5	CD4 Naive / T Central Memory:1070; CD8 Cytotoxic / T Effector Memory:53; Treg:43; CD8 Naive / T Central Memory:14; CD4 T Effector Memory:10	CD4 T Effector Memory:523; CD4 Naive / T Central Memory:369; Blood Cell:137; Treg:103; CD8 Cytotoxic / T Effector Memory:39	CD4 T Cell (ab):833; T Cell:339; NK Cell:15; CD8 T Cell (ab):8; Monocyte:3	CD4 Naive / T Central Memory:908; not_available:140; CD4 T Effector Memory:109; Treg:43
T_NK_lineage	9	1035	CD4 Naive / T Central Memory	True	3.200226456105006	0.8500000000000001	pass	CD4 Naive / T Central Memory:917; Treg:79; CD4 T Effector Memory:13; CD8 Cytotoxic / T Effector Memory:8; CD8 Naive / T Central Memory:7	CD4 Naive / T Central Memory:972; CD8 Naive / T Central Memory:29; Treg:15; CD8 Cytotoxic / T Effector Memory:15; T Cell:2	CD4 Naive / T Central Memory:512; CD4 T Effector Memory:204; Blood Cell:179; Treg:99; CD8 Naive / T Central Memory:22	CD4 T Cell (ab):629; T Cell:347; Monocyte:13; CD8 T Cell (ab):13; NK Cell:13	CD4 Naive / T Central Memory:871; not_available:112; Treg:32; CD4 T Effector Memory:20
T_NK_lineage	10	850	CD4 Naive / T Central Memory	True	3.389586661451886	0.8500000000000001	pass	CD4 Naive / T Central Memory:806; Treg:21; CD8 Naive / T Central Memory:11; CD8 Cytotoxic / T Effector Memory:9; NK Cell:1	CD4 Naive / T Central Memory:722; CD8 Naive / T Central Memory:75; Treg:28; CD8 Cytotoxic / T Effector Memory:18; ydT Cell:3	CD4 Naive / T Central Memory:638; CD4 T Effector Memory:62; Blood Cell:54; Treg:46; CD8 Naive / T Central Memory:28	CD4 T Cell (ab):515; T Cell:289; CD8 T Cell (ab):18; NK Cell:8; Plasma Cell:6	CD4 Naive / T Central Memory:704; not_available:101; Treg:29; CD4 T Effector Memory:16
T_NK_lineage	11	767	CD4 Naive / T Central Memory	True	0.6474908390225358	0.7550315671658617	pass	Treg:399; CD4 Naive / T Central Memory:307; CD8 Cytotoxic / T Effector Memory:42; NK Cell:10; CD4 T Effector Memory:4	CD4 Naive / T Central Memory:416; Treg:191; T Cell:92; CD8 Cytotoxic / T Effector Memory:43; CD8 Naive / T Central Memory:14	Treg:425; CD4 T Effector Memory:94; Blood Cell:91; CD8 Cytotoxic / T Effector Memory:65; CD4 Naive / T Central Memory:58	T Cell:519; CD4 T Cell (ab):209; NK Cell:16; CD8 T Cell (ab):12; B Cell:4	CD4 Naive / T Central Memory:304; Treg:239; not_available:165; CD4 T Effector Memory:59
T_NK_lineage	12	746	CD4 Naive / T Central Memory	True	0.204500639537017	0.6565675279873917	pass	CD4 Naive / T Central Memory:398; CD8 Cytotoxic / T Effector Memory:192; NK Cell:58; Blood Cell:34; Treg:30	CD8 Cytotoxic / T Effector Memory:363; CD4 Naive / T Central Memory:149; CD8 Naive / T Central Memory:115; ydT Cell:35; MAIT Cell:28	CD8 Cytotoxic / T Effector Memory:283; Blood Cell:201; CD4 Naive / T Central Memory:81; MAIT Cell:49; CD4 T Effector Memory:47	CD4 T Cell (ab):264; T Cell:256; CD8 T Cell (ab):112; NK Cell:102; Non-Classical Monocyte:5	not_available:530; CD4 T Effector Memory:110; CD4 Naive / T Central Memory:97; Treg:9
T_NK_lineage	13	707	CD8 Cytotoxic / T Effector Memory	True	1.1005916407862402	0.7338854146086429	pass	CD8 Cytotoxic / T Effector Memory:417; CD4 Naive / T Central Memory:136; NK Cell:119; Blood Cell:15; Treg:12	CD8 Cytotoxic / T Effector Memory:548; NK Cell:77; CD4 Naive / T Central Memory:39; ydT Cell:34; CD8 Naive / T Central Memory:3	CD8 Cytotoxic / T Effector Memory:402; Blood Cell:174; NK Cell:80; ydT Cell:22; Treg:8	NK Cell:288; T Cell:224; CD8 T Cell (ab):99; CD4 T Cell (ab):48; Non-Classical Monocyte:24	not_available:665; CD4 T Effector Memory:34; CD4 Naive / T Central Memory:8
T_NK_lineage	14	657	CD8 Cytotoxic / T Effector Memory	True	0.8609168539128906	0.7394294788310828	pass	CD8 Cytotoxic / T Effector Memory:404; NK Cell:151; CD4 Naive / T Central Memory:80; Blood Cell:7; Treg:6	CD8 Cytotoxic / T Effector Memory:490; NK Cell:126; ydT Cell:36; CD8 Naive / T Central Memory:3; CD4 Naive / T Central Memory:1	CD8 Cytotoxic / T Effector Memory:381; NK Cell:135; Blood Cell:122; ydT Cell:11; Treg:4	NK Cell:345; T Cell:183; CD8 T Cell (ab):102; CD4 T Cell (ab):16; Non-Classical Monocyte:11	not_available:650; CD4 T Effector Memory:7
T_NK_lineage	15	652	CD8 Cytotoxic / T Effector Memory	True	1.501354278323543	0.735711998967796	pass	CD8 Cytotoxic / T Effector Memory:415; CD4 Naive / T Central Memory:121; NK Cell:84; Blood Cell:14; Treg:11	CD8 Cytotoxic / T Effector Memory:562; NK Cell:45; ydT Cell:17; CD4 Naive / T Central Memory:10; CD8 Naive / T Central Memory:8	CD8 Cytotoxic / T Effector Memory:468; Blood Cell:112; NK Cell:51; Treg:7; ydT Cell:6	NK Cell:234; T Cell:232; CD8 T Cell (ab):140; CD4 T Cell (ab):25; Non-Classical Monocyte:13	not_available:627; CD4 T Effector Memory:23; CD4 Naive / T Central Memory:2
T_NK_lineage	16	590	NK Cell	True	1.8922386381195029	0.7289711560818721	pass	NK Cell:174; CD8 Cytotoxic / T Effector Memory:118; CD4 Naive / T Central Memory:103; T Cell:71; Treg:71	NK Cell:372; CD4 T Cell (ab):129; CD4 Naive / T Central Memory:43; CD8 Cytotoxic / T Effector Memory:38; ydT Cell:3	Lymphoid Cell:501; Blood Cell:37; NK Cell:31; CD8 Cytotoxic / T Effector Memory:18; Treg:2	NK Cell:275; T Cell:208; CD8 T Cell (ab):61; CD4 T Cell (ab):25; Monocyte:8	not_available:470; CD4 Naive / T Central Memory:87; CD4 T Effector Memory:21; Treg:12
T_NK_lineage	17	576	CD4 Naive / T Central Memory	True	2.885074585303996	0.8500000000000001	pass	CD4 Naive / T Central Memory:479; CD8 Cytotoxic / T Effector Memory:29; Treg:26; CD8 Naive / T Central Memory:12; NK Cell:11	CD4 Naive / T Central Memory:447; CD8 Cytotoxic / T Effector Memory:58; CD8 Naive / T Central Memory:52; Treg:9; ydT Cell:3	CD4 Naive / T Central Memory:272; Blood Cell:109; CD4 T Effector Memory:71; Treg:37; CD8 Cytotoxic / T Effector Memory:33	CD4 T Cell (ab):282; T Cell:201; Monocyte:31; Plasma Cell:21; NK Cell:18	CD4 Naive / T Central Memory:353; not_available:167; CD4 T Effector Memory:41; Treg:15
T_NK_lineage	18	569	CD4 Naive / T Central Memory	True	0.772166978812511	0.7228469323981971	pass	CD4 Naive / T Central Memory:315; CD8 Cytotoxic / T Effector Memory:110; NK Cell:80; Treg:23; Blood Cell:22	CD4 Naive / T Central Memory:274; CD8 Cytotoxic / T Effector Memory:190; NK Cell:46; Classical Monocyte:17; RBC:15	Blood Cell:377; CD8 Cytotoxic / T Effector Memory:57; NK Cell:29; Lymphoid Cell:26; CD4 Naive / T Central Memory:22	Monocyte:337; NK Cell:86; T Cell:47; RBC:28; CD4 T Cell (ab):24	not_available:416; CD4 Naive / T Central Memory:78; CD4 T Effector Memory:67; Treg:8
T_NK_lineage	19	553	CD4 Naive / T Central Memory	True	2.7285268186774525	0.8410141849857873	pass	CD4 Naive / T Central Memory:474; CD8 Cytotoxic / T Effector Memory:35; Treg:16; Blood Cell:11; NK Cell:8	CD4 Naive / T Central Memory:332; CD8 Naive / T Central Memory:94; CD8 Cytotoxic / T Effector Memory:83; Treg:25; ydT Cell:8	CD4 Naive / T Central Memory:271; Blood Cell:167; CD8 Cytotoxic / T Effector Memory:46; CD8 Naive / T Central Memory:23; Treg:21	CD4 T Cell (ab):270; T Cell:203; NK Cell:35; CD8 T Cell (ab):22; RBC:8	CD4 Naive / T Central Memory:324; not_available:174; CD4 T Effector Memory:39; Treg:16
T_NK_lineage	20	551	CD8 Cytotoxic / T Effector Memory	True	0.5161120074182635	0.6583363150111399	pass	CD4 Naive / T Central Memory:235; NK Cell:137; CD8 Cytotoxic / T Effector Memory:124; Treg:19; CD8 Naive / T Central Memory:15	CD8 Cytotoxic / T Effector Memory:295; NK Cell:118; CD4 Naive / T Central Memory:58; CD8 Naive / T Central Memory:32; ydT Cell:26	CD8 Cytotoxic / T Effector Memory:172; Blood Cell:148; NK Cell:140; Treg:26; CD4 Naive / T Central Memory:24	NK Cell:239; T Cell:155; CD4 T Cell (ab):115; CD8 T Cell (ab):38; Non-Classical Monocyte:3	not_available:512; CD4 T Effector Memory:22; CD4 Naive / T Central Memory:15; Treg:2
T_NK_lineage	21	534	NK Cell	True	1.928030687529956	0.7375770221722249	pass	NK Cell:353; CD4 Naive / T Central Memory:124; CD8 Cytotoxic / T Effector Memory:26; Treg:12; Blood Cell:10	NK Cell:436; CD8 Cytotoxic / T Effector Memory:41; Lymphoid Cell:30; ydT Cell:9; CD4 Naive / T Central Memory:8	NK Cell:436; Blood Cell:69; CD8 Cytotoxic / T Effector Memory:12; CD4 T Effector Memory:7; Lymphoid Cell:6	NK Cell:486; CD4 T Cell (ab):20; T Cell:13; B Cell:4; CD8 T Cell (ab):3	not_available:511; CD4 Naive / T Central Memory:11; CD4 T Effector Memory:11; Treg:1
T_NK_lineage	22	499	CD4 Naive / T Central Memory	True	0.5773410325117068	0.7516636334695261	pass	CD4 Naive / T Central Memory:271; MAIT Cell:115; NK Cell:32; CD8 Cytotoxic / T Effector Memory:26; Treg:24	CD4 Naive / T Central Memory:249; MAIT Cell:161; CD8 Cytotoxic / T Effector Memory:28; NK Cell:25; ydT Cell:14	MAIT Cell:162; CD4 T Effector Memory:143; Blood Cell:85; CD4 Naive / T Central Memory:37; CD8 Cytotoxic / T Effector Memory:28	CD4 T Cell (ab):346; T Cell:85; NK Cell:53; CD8 T Cell (ab):13; Non-Classical Monocyte:1	not_available:238; CD4 Naive / T Central Memory:146; CD4 T Effector Memory:113; Treg:2
T_NK_lineage	23	361	NK Cell	True	0.0687268079828671	0.5429000902422687	pass	CD4 Naive / T Central Memory:115; NK Cell:106; CD8 Cytotoxic / T Effector Memory:78; Treg:23; Blood Cell:13	CD4 Naive / T Central Memory:112; CD8 Cytotoxic / T Effector Memory:91; B Cell:87; NK Cell:41; CD8 Naive / T Central Memory:11	Blood Cell:223; NK Cell:47; CD8 Cytotoxic / T Effector Memory:24; Treg:20; CD4 Naive / T Central Memory:12	B Cell:168; NK Cell:90; CD4 T Cell (ab):43; T Cell:40; CD8 T Cell (ab):9	not_available:223; CD4 Naive / T Central Memory:48; Treg:29; CD4 T Effector Memory:24; Memory B Cell:20
T_NK_lineage	24	312	CD4 Naive / T Central Memory	True	1.0160932191623122	0.7649351083436797	pass	CD4 Naive / T Central Memory:179; CD8 Cytotoxic / T Effector Memory:64; NK Cell:45; Treg:11; Blood Cell:6	CD4 Naive / T Central Memory:136; CD8 Cytotoxic / T Effector Memory:100; NK Cell:38; Platelet:18; CD8 Naive / T Central Memory:12	Blood Cell:86; CD4 Naive / T Central Memory:79; CD8 Cytotoxic / T Effector Memory:67; NK Cell:34; CD4 T Effector Memory:12	T Cell:92; NK Cell:72; CD4 T Cell (ab):67; Platelet:42; CD8 T Cell (ab):22	not_available:186; CD4 Naive / T Central Memory:101; CD4 T Effector Memory:21; Treg:4
T_NK_lineage	25	262	CD4 Naive / T Central Memory	True	2.161076071291469	0.8208981398403878	pass	CD4 Naive / T Central Memory:179; NK Cell:34; CD8 Cytotoxic / T Effector Memory:33; Treg:8; Blood Cell:3	CD4 Naive / T Central Memory:160; CD8 Cytotoxic / T Effector Memory:55; NK Cell:27; CD8 Naive / T Central Memory:11; Treg:6	Blood Cell:90; CD4 Naive / T Central Memory:81; CD4 T Effector Memory:26; CD8 Cytotoxic / T Effector Memory:19; NK Cell:19	RBC:124; CD4 T Cell (ab):57; T Cell:47; NK Cell:25; CD8 T Cell (ab):7	CD4 Naive / T Central Memory:128; not_available:118; CD4 T Effector Memory:11; Treg:5
T_NK_lineage	26	228	NK Cell	True	0.307751634552829	0.6751369064010816	pass	CD8 Cytotoxic / T Effector Memory:106; NK Cell:93; CD4 Naive / T Central Memory:22; Blood Cell:3; Treg:2	CD8 Cytotoxic / T Effector Memory:102; NK Cell:96; ydT Cell:28; CD4 Naive / T Central Memory:1; Lymphoid Cell:1	NK Cell:100; CD8 Cytotoxic / T Effector Memory:82; Blood Cell:36; ydT Cell:9; CD4 T Effector Memory:1	NK Cell:165; T Cell:34; CD8 T Cell (ab):17; CD4 T Cell (ab):8; Non-Classical Monocyte:3	not_available:227; CD4 T Effector Memory:1
T_NK_lineage	27	81	CD4 Naive / T Central Memory	True	0.2915857457292783	0.6256121565312212	pass	CD4 Naive / T Central Memory:33; NK Cell:18; CD8 Cytotoxic / T Effector Memory:16; Blood Cell:5; Treg:4	CD4 Naive / T Central Memory:33; CD8 Cytotoxic / T Effector Memory:22; NK Cell:17; CD8 Naive / T Central Memory:4; Treg:3	Blood Cell:48; NK Cell:12; Treg:6; Neutrophil:3; ydT Cell:2	NK Cell:31; Monocyte:26; T Cell:10; CD4 T Cell (ab):10; B Cell:1	not_available:59; CD4 Naive / T Central Memory:14; CD4 T Effector Memory:7; Treg:1
T_NK_lineage	28	24	CD4 Naive / T Central Memory	True	1.3476403454657624	0.7254851408998723	pass	CD4 Naive / T Central Memory:15; CD8 Cytotoxic / T Effector Memory:4; Treg:3; CD8 Naive / T Central Memory:1; Blood Cell:1	CD4 Naive / T Central Memory:10; RBC:5; NK Cell:3; Classical Monocyte:2; CD8 Cytotoxic / T Effector Memory:2	Blood Cell:20; Neutrophil:1; Treg:1; HSC:1; Lymphoid Cell:1	Monocyte:20; T Cell:3; CD8 T Cell (ab):1	not_available:11; CD4 Naive / T Central Memory:7; CD4 T Effector Memory:5; Treg:1
