study	n_cells	n_genes	pre_hvg_n_genes	counts_layer_n_genes	n_labels	b_cell_n	t_cell_n	myeloid_cell_n	blood_cell_n	parent_or_blood_n	parent_or_blood_fraction	artifact_n	doublet_n	effector_b_n	median_confidence	low_confidence_n	source_disagreement_flag_n	source_disagreement_flag_fraction	invalid_labels
infection_study_01	54924	33538	33538	33538	21	0	0	0	197	197	0.0035867744519699	1356	1278	0	0.7772	2895	7814	0.1422693176025052	
infection_study_03	646739	24929	24929	24929	14	0	0	0	2324	2324	0.0035934124894277	14448	0	0	0.8179	2324	134542	0.2080313696869989	
infection_study_04	43767	26361	26361	26361	18	0	0	0	746	746	0.0170448054470262	294	132	0	0.7616	2607	7836	0.179039001987799	
infection_study_06	827389	37298	37298	37298	16	0	0	0	1794	1794	0.0021682666798809	3400	0	0	0.8067	25705	140313	0.1695852857603859	
vaccination_study_01	307194	10528	10528	10528	14	5271	0	0	7172	12443	0.0405053484117528	8392	0	0	0.786	12443	66977	0.2180283469078172	
vaccination_study_04	66065	16983	16983	16983	15	33	77	0	256	366	0.0055399984863392	350	647	0	0.7772	1123	2561	0.0387648527964883	
vaccination_study_06	57419	11878	11878	11878	14	221	0	256	821	1298	0.0226057576760305	0	1502	0	0.7853	12276	18710	0.3258503282885456	
vaccination_study_09	139960	19141	19141	19141	18	20	0	0	1238	1258	0.0089882823663903	121	579	0	0.7879	1837	20296	0.1450128608173763	
vaccination_study_10	47511	1271	14969	1271	4	5903	14514	9534	17560	47511	1.0	0	0	0	0.45	47511	0	0.0	
