study	source	source_column	n_cells	informative_cells	coverage_fraction	final_concordant_cells	final_concordance_over_informative	final_concordance_over_all	discordant_informative_cells	discordant_fraction_over_informative	high_confidence_informative_cells	high_confidence_concordance_over_informative	top_labels	unique_support_cells	unique_support_fraction_over_all
infection_study_01	CellTypist	celltypist_v3_label	54924	54924	1.0	47066	0.8569295754132984	0.8569295754132984	7858	0.1430704245867016	28417	0.9451032832459444	Classical Monocyte:18084; CD8 Cytotoxic / T Effector Memory:9669; NK Cell:9407; Naive B Cell:4336; CD4 T Effector Memory:3564; CD4 Naive / T Central Memory:2626; Non-Classical Monocyte:2369; Memory B Cell:1937	20	0.000364139538271
infection_study_01	Pan-human Azimuth	panhuman_fine_v3_label	54924	54924	1.0	40962	0.7457941883329692	0.7457941883329692	13962	0.2542058116670308	28417	0.7925185628321075	Classical Monocyte:13795; CD8 Cytotoxic / T Effector Memory:9701; NK Cell:7361; Naive B Cell:3693; Blood Cell:3604; CD4 T Effector Memory:3091; Memory B Cell:2703; CD4 Naive / T Central Memory:1922	72	0.0013109023377758
infection_study_01	Cluster consensus	cluster_consensus_v3_label	54924	54924	1.0	45338	0.8254679193066783	0.8254679193066783	9586	0.1745320806933216	28417	0.90090438821832	Classical Monocyte:18508; CD8 Cytotoxic / T Effector Memory:10057; NK Cell:9575; Naive B Cell:4230; CD4 T Effector Memory:3318; CD4 Naive / T Central Memory:2343; B Cell:2305; Non-Classical Monocyte:2288	190	0.0034593256135751
infection_study_01	scRefMapping	screfmapping_official_label	54924	11783	0.2145328089723982	8625	0.7319867605872867	0.157035175879397	3158	0.2680132394127132	7887	0.9520730315709396	CD4 Naive / T Central Memory:4308; Naive B Cell:4070; Memory B Cell:2289; CD4 T Effector Memory:713; Treg:246; Plasma Cell:157	16	0.0002913116306168
infection_study_01	Cluster marker assignment	cluster_marker_gene_assignment	54924	52452	0.9549923530696964	48534	0.9253031342942118	0.8836574175223946	3918	0.0746968657057881	28417	0.964035612485484	Classical Monocyte:17789; CD8 Cytotoxic / T Effector Memory:10509; NK Cell:8060; Naive B Cell:5256; CD4 Naive / T Central Memory:4455; CD4 T Effector Memory:2018; Non-Classical Monocyte:1979; Memory B Cell:1113	3120	0.0568057679702862
infection_study_03	CellTypist	celltypist_v3_label	646739	0	0.0	0	0.0	0.0	0	0.0	0	0.0	not_available	0	0.0
infection_study_03	Pan-human Azimuth	panhuman_fine_v3_label	646739	0	0.0	0	0.0	0.0	0	0.0	0	0.0	not_available	0	0.0
infection_study_03	Cluster consensus	cluster_consensus_v3_label	646739	0	0.0	0	0.0	0.0	0	0.0	0	0.0	not_available	0	0.0
infection_study_03	scRefMapping	screfmapping_official_label	646739	0	0.0	0	0.0	0.0	0	0.0	0	0.0	not_available	0	0.0
infection_study_03	Cluster marker assignment	cluster_marker_gene_assignment	646739	431328	0.6669274622374713	0	0.0	0.0	431328	1.0	0	0.0	NKT Cell:171789; Neutrophil:109557; Naive B Cell:64785; CD8 Naive / T Central Memory:28787; Eosinophil:24497; Plasmablast:18787; Plasma Cell:9702; Intermediate Monocyte:3424	0	0.0
infection_study_04	CellTypist	celltypist_v3_label	43767	43767	1.0	34085	0.7787831014234469	0.7787831014234469	9682	0.2212168985765531	22709	0.8113082918666608	Classical Monocyte:10920; CD8 Cytotoxic / T Effector Memory:8752; NK Cell:6602; CD4 Naive / T Central Memory:6580; Plasma Cell:2215; Naive B Cell:1931; Non-Classical Monocyte:1789; Memory B Cell:823	58	0.0013251993511092
infection_study_04	Pan-human Azimuth	panhuman_fine_v3_label	43767	43767	1.0	28705	0.6558594374757237	0.6558594374757237	15062	0.3441405625242763	22709	0.7039499757805275	Classical Monocyte:8481; NK Cell:5824; Blood Cell:5585; CD8 Cytotoxic / T Effector Memory:4726; CD4 Naive / T Central Memory:4518; Plasma Cell:3076; Naive B Cell:1641; CD4 T Effector Memory:1558	311	0.0071058103137066
infection_study_04	Cluster consensus	cluster_consensus_v3_label	43767	43767	1.0	29363	0.6708935956314118	0.6708935956314118	14404	0.3291064043685882	22709	0.6684134043771192	Classical Monocyte:8943; NK Cell:6966; CD8 Cytotoxic / T Effector Memory:6623; CD4 Naive / T Central Memory:4954; B Cell:3684; Plasma Cell:3385; T Cell:3237; Monocyte:2202	1	2.2848264674297987e-05
infection_study_04	scRefMapping	screfmapping_official_label	43767	14878	0.3399364818242054	10836	0.7283236994219653	0.247583796010693	4042	0.2716763005780346	11624	0.8409325533379215	CD4 Naive / T Central Memory:6758; Naive B Cell:2871; Plasma Cell:1891; Memory B Cell:1587; CD4 T Effector Memory:1306; Treg:465	38	0.0008682340576233
infection_study_04	Cluster marker assignment	cluster_marker_gene_assignment	43767	43098	0.9847145109328946	41771	0.9692097081071048	0.9543948637101012	1327	0.0307902918928952	22709	0.960588313003655	Classical Monocyte:11457; CD4 Naive / T Central Memory:8829; CD8 Cytotoxic / T Effector Memory:7788; NK Cell:6432; Plasma Cell:3147; Naive B Cell:3115; Non-Classical Monocyte:1213; Memory B Cell:355	4183	0.0955742911325884
infection_study_06	CellTypist	celltypist_v3_label	827389	0	0.0	0	0.0	0.0	0	0.0	0	0.0	not_available	0	0.0
infection_study_06	Pan-human Azimuth	panhuman_fine_v3_label	827389	0	0.0	0	0.0	0.0	0	0.0	0	0.0	not_available	0	0.0
infection_study_06	Cluster consensus	cluster_consensus_v3_label	827389	0	0.0	0	0.0	0.0	0	0.0	0	0.0	not_available	0	0.0
infection_study_06	scRefMapping	screfmapping_official_label	827389	0	0.0	0	0.0	0.0	0	0.0	0	0.0	not_available	0	0.0
infection_study_06	Cluster marker assignment	cluster_marker_gene_assignment	827389	0	0.0	0	0.0	0.0	0	0.0	0	0.0	not_available	0	0.0
infection_study_07	CellTypist	celltypist_v3_label	6589	0	0.0	0	0.0	0.0	0	0.0	0	0.0	not_available	0	0.0
infection_study_07	Pan-human Azimuth	panhuman_fine_v3_label	6589	0	0.0	0	0.0	0.0	0	0.0	0	0.0	not_available	0	0.0
infection_study_07	Cluster consensus	cluster_consensus_v3_label	6589	0	0.0	0	0.0	0.0	0	0.0	0	0.0	not_available	0	0.0
infection_study_07	scRefMapping	screfmapping_official_label	6589	0	0.0	0	0.0	0.0	0	0.0	0	0.0	not_available	0	0.0
infection_study_07	Cluster marker assignment	cluster_marker_gene_assignment	6589	3982	0.6043405676126878	0	0.0	0.0	3982	1.0	0	0.0	CD8 Naive / T Central Memory:695; NKT Cell:647; Non-Classical Monocyte:636; Plasma Cell:364; Conventional DC 2:323; Memory B Cell:315; Intermediate Monocyte:281; CD8 Cytotoxic / T Effector Memory:200	0	0.0
vaccination_study_01	CellTypist	celltypist_v3_label	307194	0	0.0	0	0.0	0.0	0	0.0	0	0.0	not_available	0	0.0
vaccination_study_01	Pan-human Azimuth	panhuman_fine_v3_label	307194	0	0.0	0	0.0	0.0	0	0.0	0	0.0	not_available	0	0.0
vaccination_study_01	Cluster consensus	cluster_consensus_v3_label	307194	0	0.0	0	0.0	0.0	0	0.0	0	0.0	not_available	0	0.0
vaccination_study_01	scRefMapping	screfmapping_official_label	307194	0	0.0	0	0.0	0.0	0	0.0	0	0.0	not_available	0	0.0
vaccination_study_01	Cluster marker assignment	cluster_marker_gene_assignment	307194	223434	0.7273384245786051	0	0.0	0.0	223434	1.0	0	0.0	Neutrophil:65678; NKT Cell:60823; CD4 Naive / T Central Memory:35904; Intermediate Monocyte:20580; Naive B Cell:15584; Memory B Cell:8927; Plasmablast:8098; Plasma Cell:7840	0	0.0
vaccination_study_04	CellTypist	celltypist_v3_label	66065	66065	1.0	60600	0.9172784379020662	0.9172784379020662	5465	0.0827215620979338	57208	0.9623828835127954	Classical Monocyte:36962; Non-Classical Monocyte:16021; Conventional DC 2:5549; Plasmacytoid DC:5231; NK Cell:1181; Conventional DC 1:1024; Plasma Cell:97	0	0.0
vaccination_study_04	Pan-human Azimuth	panhuman_fine_v3_label	66065	66065	1.0	58730	0.8889729811549232	0.8889729811549232	7335	0.1110270188450768	57208	0.924975527898196	Classical Monocyte:30830; Non-Classical Monocyte:16318; Conventional DC 2:7543; Plasmacytoid DC:5611; Blood Cell:2680; Conventional DC 1:991; Intermediate Monocyte:940; HSC:746	54	0.0008173768258533
vaccination_study_04	Cluster consensus	cluster_consensus_v3_label	66065	66065	1.0	62917	0.9523499583743285	0.9523499583743285	3148	0.0476500416256716	57208	0.987536708152706	Classical Monocyte:34498; Non-Classical Monocyte:15691; Conventional DC 2:7736; Plasmacytoid DC:5569; Conventional DC 1:1104; HSC:934; NK Cell:276; DC:160	249	0.003769015363657
vaccination_study_04	scRefMapping	screfmapping_official_label	66065	285	0.0043139332475592	10	0.0350877192982456	0.0001513660788617	275	0.9649122807017544	18	0.4444444444444444	CD4 Naive / T Central Memory:164; Naive B Cell:52; Memory B Cell:36; CD4 T Effector Memory:22; Plasma Cell:7; Treg:4	0	0.0
vaccination_study_04	Cluster marker assignment	cluster_marker_gene_assignment	66065	64128	0.9706803905244836	61841	0.9643369510978044	0.9360629682888064	2287	0.0356630489021956	57208	0.9820654453922528	Classical Monocyte:33932; Non-Classical Monocyte:15402; Conventional DC 2:6459; Plasmacytoid DC:5338; Neutrophil:1162; Intermediate Monocyte:1026; NK Cell:609; Plasma Cell:95	318	0.0048134413078029
vaccination_study_06	CellTypist	celltypist_v3_label	57419	57419	1.0	39420	0.6865323325031784	0.6865323325031784	17999	0.3134676674968216	32239	0.7730698843016223	CD4 Naive / T Central Memory:24494; CD8 Cytotoxic / T Effector Memory:10136; NK Cell:9260; CD4 T Effector Memory:5671; B Cell:2437; MAIT Cell:2097; Memory B Cell:1340; CD8 Naive / T Central Memory:886	54	0.0009404552500043
vaccination_study_06	Pan-human Azimuth	panhuman_fine_v3_label	57419	57419	1.0	23651	0.411901983663944	0.411901983663944	33768	0.588098016336056	32239	0.4007258289649182	CD4 Naive / T Central Memory:10554; Blood Cell:10236; NK Cell:6730; CD4 T Cell (ab):6257; CD8 Cytotoxic / T Effector Memory:5622; Treg:4860; CD4 T Effector Memory:4343; Memory B Cell:3629	1093	0.0190355108936066
vaccination_study_06	Cluster consensus	cluster_consensus_v3_label	57419	57419	1.0	41319	0.7196050087949982	0.7196050087949982	16100	0.2803949912050018	32239	0.7921461583796023	CD4 Naive / T Central Memory:25344; NK Cell:10301; CD8 Cytotoxic / T Effector Memory:9421; T Cell:6211; B Cell:3495; MAIT Cell:1370; CD8 Naive / T Central Memory:905; Memory B Cell:350	99	0.0017241679583413
vaccination_study_06	scRefMapping	screfmapping_official_label	57419	30889	0.5379578188404535	24010	0.77729936223251	0.4181542694926766	6879	0.22270063776749	24059	0.913753688848248	CD4 Naive / T Central Memory:24129; CD4 T Effector Memory:2711; Naive B Cell:1787; Memory B Cell:1221; Treg:838; Plasma Cell:203	9	0.0001567425416673
vaccination_study_06	Cluster marker assignment	cluster_marker_gene_assignment	57419	54408	0.9475609118932756	51640	0.9491251286575504	0.899353872411571	2768	0.0508748713424496	32239	1.0	CD4 Naive / T Central Memory:29523; CD8 Cytotoxic / T Effector Memory:10010; NK Cell:9839; Naive B Cell:2205; MAIT Cell:1538; Memory B Cell:481; Intermediate Monocyte:453; Treg:270	4536	0.0789982410003657
vaccination_study_09	CellTypist	celltypist_v3_label	139960	139960	1.0	114770	0.8200200057159188	0.8200200057159188	25190	0.1799799942840811	88339	0.8104461223242283	CD4 Naive / T Central Memory:42065; Classical Monocyte:26542; CD8 Cytotoxic / T Effector Memory:13470; NK Cell:11095; CD8 Naive / T Central Memory:10902; Naive B Cell:9904; CD4 T Effector Memory:6225; MAIT Cell:4973	17	0.0001214632752214
vaccination_study_09	Pan-human Azimuth	panhuman_fine_v3_label	139960	139960	1.0	100327	0.7168262360674479	0.7168262360674479	39633	0.2831737639325521	88339	0.771120343223265	CD4 Naive / T Central Memory:47132; Classical Monocyte:21039; Blood Cell:15202; CD8 Cytotoxic / T Effector Memory:13298; Naive B Cell:9399; NK Cell:8183; CD4 T Effector Memory:7689; CD8 Naive / T Central Memory:3999	238	0.0017004858531008
vaccination_study_09	Cluster consensus	cluster_consensus_v3_label	139960	139960	1.0	119575	0.8543512432123463	0.8543512432123463	20385	0.1456487567876536	88339	0.869547991260938	CD4 Naive / T Central Memory:47749; Classical Monocyte:22628; CD8 Cytotoxic / T Effector Memory:13599; CD8 Naive / T Central Memory:11477; Naive B Cell:11449; NK Cell:9470; MAIT Cell:6432; RBC:4608	614	0.0043869677050585
vaccination_study_09	scRefMapping	screfmapping_official_label	139960	76084	0.543612460703058	58675	0.7711871089848062	0.4192269219777079	17409	0.2288128910151937	62713	0.8871206926793488	CD4 Naive / T Central Memory:51526; Naive B Cell:10660; CD4 T Effector Memory:6379; Memory B Cell:4803; Treg:2488; Plasma Cell:228	147	0.0010503000857387
vaccination_study_09	Cluster marker assignment	cluster_marker_gene_assignment	139960	139429	0.996206058873964	131725	0.9447460714772392	0.9411617605030008	7704	0.0552539285227606	88339	0.9217786028820792	CD4 Naive / T Central Memory:47906; Classical Monocyte:26795; CD8 Cytotoxic / T Effector Memory:13647; Naive B Cell:12761; MAIT Cell:10883; NK Cell:9187; CD8 Naive / T Central Memory:7394; Non-Classical Monocyte:3949	6689	0.0477922263503858
vaccination_study_10	CellTypist	celltypist_v3_label	47511	0	0.0	0	0.0	0.0	0	0.0	0	0.0	not_available	0	0.0
vaccination_study_10	Pan-human Azimuth	panhuman_fine_v3_label	47511	0	0.0	0	0.0	0.0	0	0.0	0	0.0	not_available	0	0.0
vaccination_study_10	Cluster consensus	cluster_consensus_v3_label	47511	0	0.0	0	0.0	0.0	0	0.0	0	0.0	not_available	0	0.0
vaccination_study_10	scRefMapping	screfmapping_official_label	47511	0	0.0	0	0.0	0.0	0	0.0	0	0.0	not_available	0	0.0
vaccination_study_10	Cluster marker assignment	cluster_marker_gene_assignment	47511	29903	0.6293910883795332	0	0.0	0.0	29903	1.0	0	0.0	Intermediate Monocyte:5060; NK Cell:4160; CD8 Cytotoxic / T Effector Memory:4082; CD4 Naive / T Central Memory:3234; Conventional DC 2:3195; CD8 Naive / T Central Memory:2641; Naive B Cell:2439; Plasma Cell:1867	0	0.0
