study	source	n_rows	n_labels	parent_or_blood_n	parent_or_blood_fraction	median_confidence	invalid_labels	top_labels
infection_study_01	outputs/submission_final_v22/infection_study_01/submissions/infection_study_01_annotation.tsv	54924	16	178	0.0032	0.7772		Classical Monocyte:17789; CD8 Cytotoxic / T Effector Memory:10509; NK Cell:8060; CD4 T Effector Memory:4387; Naive B Cell:4269; CD4 Naive / T Central Memory:2341; Memory B Cell:2100; Non-Classical Monocyte:1979
infection_study_03	outputs/submission_v24_safe_rescue_scavenge/infection_study_03/submissions/infection_study_03_annotation.tsv	646739	6	575240	0.8894	0.4449		Blood Cell:215358; T Cell:199969; Myeloid Cell:137561; Naive B Cell:64711; B Cell:22352; Plasmablast:6788
infection_study_04	outputs/submission_final_v22/infection_study_04/submissions/infection_study_04_annotation.tsv	43767	15	436	0.0100	0.7762		Classical Monocyte:11458; CD4 Naive / T Central Memory:8829; CD8 Cytotoxic / T Effector Memory:7788; NK Cell:6433; Plasma Cell:3150; Naive B Cell:2126; Memory B Cell:1344; Non-Classical Monocyte:1214
infection_study_06	outputs/submission_v24_safe_rescue_scavenge/infection_study_06/submissions/infection_study_06_annotation.tsv	827389	7	768061	0.9283	0.4500		T Cell:257772; Blood Cell:235558; Myeloid Cell:201002; B Cell:73729; Classical Monocyte:21846; CD8 Naive / T Central Memory:19442; Naive B Cell:18040
vaccination_study_01	outputs/submission_v24_safe_rescue_scavenge/vaccination_study_01/submissions/vaccination_study_01_annotation.tsv	307194	8	294721	0.9594	0.4376		T Cell:96461; Myeloid Cell:84466; Blood Cell:83762; B Cell:30032; Naive B Cell:8881; Intermediate Monocyte:1742; Memory B Cell:1210; Plasmablast:640
vaccination_study_04	outputs/submission_final_v22/vaccination_study_04/submissions/vaccination_study_04_annotation.tsv	66065	14	571	0.0086	0.8063		Classical Monocyte:33958; Non-Classical Monocyte:15469; Conventional DC 2:7621; Plasmacytoid DC:5375; Doublet:1249; Conventional DC 1:1026; NK Cell:609; Blood Cell:474
vaccination_study_06	outputs/submission_final_v22/vaccination_study_06/submissions/vaccination_study_06_annotation.tsv	57419	12	1215	0.0212	0.7724		CD4 Naive / T Central Memory:29818; CD8 Cytotoxic / T Effector Memory:10013; NK Cell:9877; Memory B Cell:2547; Doublet:2162; MAIT Cell:1538; Blood Cell:746; Myeloid Cell:468
vaccination_study_09	outputs/submission_final_v22/vaccination_study_09/submissions/vaccination_study_09_annotation.tsv	139960	18	155	0.0011	0.7772		CD4 Naive / T Central Memory:54333; Classical Monocyte:26795; CD8 Cytotoxic / T Effector Memory:13647; Naive B Cell:12334; NK Cell:9187; CD8 Naive / T Central Memory:7394; MAIT Cell:5153; Non-Classical Monocyte:3949
vaccination_study_10	outputs/submission_v24_safe_rescue_scavenge/vaccination_study_10/submissions/vaccination_study_10_annotation.tsv	47511	4	47511	1.0000	0.4500		Blood Cell:17560; T Cell:14514; Myeloid Cell:9534; B Cell:5903
